ip,honeypot_type,count
45.19.188.45,"Suricata",25613
45.19.188.43,"Suricata",20728
205.185.122.252,"Suricata",3241
212.129.11.188,"Suricata Heralding",24093
72.214.121.53,"Suricata",38079
143.198.53.174,"Suricata",15583
210.212.237.67,"Suricata Cowrie",129
45.19.188.42,"Suricata",6881
203.192.212.238,"Suricata Honeytrap",353
123.114.208.30,"Suricata Cowrie",605
5.254.56.242,"Suricata Honeytrap",12
45.227.255.163,"Suricata Cowrie",5378
117.145.188.125,"Suricata Cowrie",631
194.60.212.23,"Suricata Cowrie",388
212.80.218.35,"Suricata Heralding",12534
193.34.144.63,"Suricata Honeytrap",19
93.115.29.34,"Suricata Honeytrap",2488
157.230.132.100,"Suricata Cowrie",498
68.183.234.51,"Suricata Cowrie",436
175.145.234.102,"Suricata Cowrie",477
195.54.160.141,"Suricata Honeytrap",973
167.99.41.147,"Suricata Cowrie",479
27.221.18.26,"Suricata Cowrie",420
31.210.20.24,"Suricata Dionaea",21
194.165.16.34,"Suricata Honeytrap",2150
185.232.67.32,"Suricata Cowrie",5903
211.22.236.44,"Suricata Cowrie",478
94.232.47.170,"Suricata Honeytrap",1805
5.188.62.221,"Suricata Cowrie",1497
52.163.214.147,"Suricata Cowrie",79
193.105.134.45,"Suricata Cowrie",418
186.67.249.189,"Suricata Dionaea",9425
51.222.175.77,"Suricata",207
194.61.55.248,"Suricata Honeytrap Cowrie",1138
40.117.181.67,"Suricata Cowrie",526
45.227.255.205,"Suricata Cowrie",2041
159.192.143.249,"Suricata Cowrie",797
185.232.67.40,"Suricata Cowrie",992
192.168.1.254,"Suricata",2068
194.165.16.27,"Suricata Cowrie",3572
209.141.41.8,"Suricata Cowrie",61
141.98.81.154,"Suricata Cowrie",3070
5.182.39.88,"Suricata Cowrie",718
61.177.173.26,"Suricata Cowrie",1595
78.128.113.150,"Suricata Cowrie",2570
209.141.34.193,"Suricata Dionaea",30
167.248.133.38,"Suricata Honeytrap CitrixHoneypot",131
193.106.99.60,"Suricata Honeytrap",1869
91.241.19.99,"Suricata Honeytrap",867
5.182.39.25,"Suricata Cowrie",502
172.105.77.150,"Suricata",6
209.141.57.146,"Suricata Cowrie",34
209.141.40.69,"Suricata Cowrie",14
141.98.10.149,"Suricata Honeytrap Dionaea",494
45.93.201.142,"Suricata Honeytrap",946
162.142.125.37,"Suricata Honeytrap Rdpy",131
177.125.60.23,"Suricata Honeytrap",9
221.181.185.143,"Suricata Cowrie",122
205.185.126.163,"Suricata Cowrie",13
77.20.200.251,"Suricata Cowrie",173
221.181.185.220,"Suricata Cowrie",145
125.76.228.167,"Suricata Dionaea",7
45.227.255.204,"Suricata Cowrie",462
120.79.20.228,"Suricata",60
162.142.125.96,"Suricata Honeytrap",346
51.89.253.80,"Suricata",4
191.103.218.226,"Suricata",1
162.142.125.38,"Suricata Honeytrap Honeypy Cowrie",107
141.98.10.205,"Suricata Honeytrap",456
111.93.235.74,"Suricata Cowrie",133
45.227.254.13,"Suricata Honeytrap",101
167.248.133.55,"Suricata Honeytrap CitrixHoneypot Cowrie Dionaea",140
74.120.14.54,"Suricata Honeytrap Cowrie",206
195.133.40.48,"Suricata Cowrie",175
45.129.56.200,"Suricata Honeytrap Heralding CitrixHoneypot",43
188.166.103.91,"Suricata",6
213.202.218.55,"Suricata Heralding",10
209.141.46.78,"Suricata Cowrie",106
41.236.252.253,"Suricata Cowrie Honeytrap",61
87.251.67.156,"Suricata Honeytrap Cowrie",194
167.248.133.39,"Suricata Honeytrap Dionaea",124
46.148.20.13,"Suricata Honeytrap",16
65.49.20.68,"Suricata Ciscoasa Cowrie Honeytrap",47
121.43.145.123,"Suricata Honeytrap",8
221.181.185.135,"Suricata Cowrie",241
193.46.255.80,"Suricata",8
89.248.165.164,"Suricata",4
45.118.145.6,"Suricata Honeytrap",37
161.189.192.94,"Suricata Honeytrap",11
185.56.80.44,"Suricata Honeytrap",62
45.227.255.115,"Suricata",105
209.141.41.202,"Suricata Cowrie",26
99.82.232.97,"Suricata",8
106.75.162.164,"Suricata Cowrie",650
92.118.161.53,"Suricata",3
203.99.62.158,"Suricata Cowrie",187
185.220.101.212,"Suricata Heralding",2
39.129.25.250,"Suricata Honeytrap",21
87.118.116.90,"Suricata Heralding",2
167.248.133.37,"Suricata Honeytrap Ciscoasa",130
185.83.214.69,"Suricata Heralding",18
118.31.188.142,"Suricata Honeytrap",3
88.160.192.125,"Suricata Cowrie",13
45.128.133.242,"Suricata Heralding",7
150.136.239.34,"Suricata",13
185.220.101.1,"Suricata Heralding Honeytrap",17
39.103.177.219,"Suricata Honeytrap",3
177.136.39.254,"Suricata Cowrie",696
209.141.49.228,"Suricata",8
62.33.87.193,"Suricata",42
185.220.101.199,"Suricata Heralding",14
14.55.206.164,"Suricata",150
185.220.101.14,"Suricata Heralding",3
185.142.236.35,"Suricata Honeytrap Dionaea",13
185.220.101.20,"Suricata Heralding Honeytrap",5
74.120.14.39,"Suricata Honeytrap",164
176.10.99.200,"Suricata Heralding",16
185.202.2.147,"Suricata Honeytrap Rdpy Dionaea",112
128.14.209.162,"Suricata CitrixHoneypot Honeytrap",8
185.220.101.2,"Suricata Heralding Honeytrap",8
179.43.169.179,"Suricata Honeytrap",11
162.142.125.40,"Suricata Honeytrap",131
128.14.141.34,"Suricata Honeytrap CitrixHoneypot",9
156.146.58.134,"Suricata Heralding Cowrie",17
185.220.102.242,"Suricata Heralding",6
185.220.102.252,"Suricata Heralding",4
185.53.90.26,"Suricata",3
194.61.25.28,"Suricata Cowrie",81
74.120.14.56,"Suricata Honeytrap Dionaea Cowrie",152
34.78.249.119,"Suricata Dionaea Honeytrap",41
109.201.133.100,"Suricata Heralding",2
185.220.101.13,"Suricata Heralding",2
159.75.26.142,"Suricata Cowrie",7
60.217.72.12,"Suricata Tanner",41
34.86.113.161,"Suricata Tanner Honeytrap CitrixHoneypot",166
154.223.167.114,"Suricata Cowrie",17
202.153.37.194,"Suricata Cowrie",698
45.56.91.118,"Suricata",5
193.107.216.181,"Suricata",1
74.120.14.55,"Suricata Honeytrap Ciscoasa",96
199.195.253.100,"Suricata Cowrie",7
146.88.240.13,"Suricata",2
23.95.191.195,"Suricata CitrixHoneypot",4
45.134.144.106,"Suricata",59
205.185.114.91,"Suricata Cowrie",13
189.1.170.140,"Suricata",92
45.146.164.125,"Suricata CitrixHoneypot Tanner Honeytrap Ciscoasa",224
185.173.35.5,"Suricata Honeytrap",7
207.154.209.30,"Suricata",197
81.36.75.107,"Suricata Cowrie",693
192.241.201.110,"Suricata",1
104.131.160.117,"Suricata Honeytrap",13
49.235.97.52,"Suricata Cowrie",670
121.5.103.226,"Suricata Cowrie",94
180.76.226.132,"Suricata Honeytrap",5
185.180.143.77,"Suricata Honeytrap",9
74.122.245.104,"Suricata",6
119.45.231.71,"Suricata Cowrie",583
200.9.155.158,"Suricata",23
87.251.67.40,"Suricata Honeytrap",87
207.244.225.181,"Suricata",1
104.140.188.10,"Suricata Honeytrap",4
23.124.146.195,"Suricata",1
195.3.147.47,"Suricata Cowrie",937
88.247.161.194,"Suricata Honeytrap",5
104.140.188.38,"Suricata",4
64.225.64.143,"Suricata Honeytrap",9
205.185.119.198,"Suricata Cowrie",76
31.186.251.239,"Suricata",16
221.181.185.151,"Suricata Cowrie",126
94.232.41.116,"Suricata Honeytrap",3
157.245.3.2,"Suricata Cowrie",103
193.46.255.133,"Suricata",18
182.61.146.37,"Suricata Cowrie",689
71.84.240.106,"Suricata",31
36.134.155.34,"Suricata Cowrie",681
164.52.24.178,"Suricata Honeytrap",14
178.128.208.128,"Suricata Cowrie",700
193.32.164.25,"Suricata Honeytrap",225
172.67.71.27,"Suricata",22
74.120.14.37,"Suricata Honeytrap",130
66.230.230.230,"Suricata Heralding",26
195.206.105.217,"Suricata Heralding",10
18.27.197.252,"Suricata Cowrie Heralding",48
5.8.10.202,"Suricata Honeytrap",22
104.206.128.74,"Suricata Rdpy",8
194.48.199.78,"Suricata CitrixHoneypot Ciscoasa",11
42.63.24.226,"Suricata Cowrie",37
185.180.143.13,"Suricata Honeytrap",18
91.241.19.122,"Suricata Honeytrap",215
121.196.103.6,"Suricata Honeytrap",17
47.100.43.155,"Suricata Honeytrap",6
185.202.2.131,"Suricata Adbhoney",3
103.215.236.2,"Suricata Cowrie",397
213.74.22.134,"Suricata Honeytrap",25
222.186.180.130,"Suricata Cowrie",72
192.119.110.156,"Suricata Honeytrap",13
92.118.160.9,"Suricata Honeytrap",6
221.181.185.223,"Suricata Cowrie",121
91.241.19.148,"Suricata Honeytrap",314
51.15.144.168,"Suricata",4
160.3.126.158,"Suricata",3
203.110.211.91,"Suricata Cowrie",7
167.248.133.40,"Suricata Honeytrap Tanner Dionaea",148
14.98.82.230,"Suricata Cowrie",27
51.89.93.145,"Suricata",5
5.188.62.240,"Suricata Cowrie",669
92.118.160.29,"Suricata Cowrie Honeytrap",8
192.241.198.123,"Suricata CitrixHoneypot",2
192.42.116.25,"Suricata Heralding",2
185.220.103.7,"Suricata Heralding",2
221.181.185.198,"Suricata Cowrie",42
185.220.100.241,"Suricata Heralding Honeytrap",30
109.236.91.85,"Suricata Cowrie",127
185.94.29.190,"Suricata",21
73.105.29.208,"Suricata Dionaea",2
47.111.147.87,"Suricata",1
104.140.188.46,"Suricata Honeytrap",3
14.225.3.182,"Suricata Honeytrap",5
74.120.14.40,"Suricata Honeytrap",111
51.15.146.240,"Suricata",8
222.186.42.213,"Suricata Cowrie",90
185.180.143.143,"Suricata Honeytrap",9
167.248.133.53,"Suricata Honeytrap",139
62.210.13.20,"Suricata",8
221.181.185.159,"Suricata Cowrie",149
193.46.254.152,"Suricata Honeytrap",35
193.107.216.178,"Suricata",1
198.98.51.104,"Suricata Cowrie",7
167.248.133.56,"Suricata Honeytrap Cowrie Honeypy",129
45.95.169.105,"Suricata",7
103.75.34.219,"Suricata Cowrie",7
59.152.237.118,"Suricata Cowrie",7
195.242.219.81,"Suricata Cowrie",16
20.97.26.60,"Suricata Honeytrap",5
157.90.177.58,"Suricata",4
101.201.121.215,"Suricata Honeytrap",5
183.136.225.12,"Suricata Mailoney Honeytrap Ciscoasa",62
34.86.35.30,"Suricata Rdpy",15
112.196.74.82,"Suricata Cowrie",7
98.171.109.189,"Suricata Cowrie",5
54.201.58.224,"Suricata",15
218.27.205.180,"Suricata Honeytrap",34
120.24.176.59,"Suricata",6
206.189.142.144,"Suricata Honeytrap",13
177.124.12.90,"Suricata",197
185.247.224.14,"Suricata Heralding Honeytrap",41
172.106.112.94,"Suricata",4
183.230.28.5,"Suricata Honeytrap",55
162.142.125.53,"Suricata Honeytrap Cowrie Dionaea",117
222.186.30.112,"Suricata Cowrie",54
46.19.141.82,"Suricata Heralding",6
178.73.215.171,"Suricata Cowrie",18
47.108.221.206,"Suricata Honeytrap",3
93.174.93.133,"Suricata Heralding",4
180.149.125.175,"Suricata Tanner",11
178.17.174.14,"Suricata Heralding",2
163.172.213.212,"Suricata Heralding",2
185.191.124.152,"Suricata Heralding",10
45.133.1.63,"Suricata Heralding",2
162.142.125.39,"Suricata Honeytrap Dionaea Tanner",170
177.241.61.1,"Suricata",26
39.103.181.207,"Suricata Honeytrap",14
189.1.170.144,"Suricata",108
131.196.196.75,"Suricata",16
203.159.80.86,"Suricata",1
212.80.219.135,"Suricata Heralding",24259
51.89.176.239,"Suricata",2
49.12.121.56,"Suricata",5
221.131.165.56,"Suricata Cowrie",121
141.98.10.193,"Suricata Cowrie",148
185.34.33.2,"Suricata Heralding Honeytrap",3
40.114.115.185,"Suricata Honeytrap",24
185.220.100.242,"Suricata Honeytrap Heralding",27
12.203.69.1,"Suricata Dionaea",15
46.59.65.88,"Suricata Heralding",8
212.80.218.247,"Suricata Heralding",24757
142.44.246.156,"Suricata Heralding",4
196.196.41.68,"Suricata Honeytrap",10
5.2.69.42,"Suricata Heralding Cowrie",32
91.132.147.168,"Suricata Heralding",4
185.220.100.247,"Suricata Heralding",18
72.214.28.67,"Suricata Dionaea",9441
172.23.0.2,"Suricata",81
74.120.14.53,"Suricata Honeytrap Adbhoney Dionaea",146
209.141.52.246,"Suricata Cowrie",175
195.154.53.233,"Suricata",8
198.211.99.128,"Suricata Tanner",5
221.181.185.140,"Suricata Cowrie",208
89.248.165.52,"Suricata Honeytrap",22
205.185.122.211,"Suricata Cowrie",13
104.206.128.6,"Suricata Honeytrap",4
144.86.19.184,"Suricata",16
120.26.61.117,"Suricata Honeytrap",6
205.185.119.20,"Suricata Cowrie",21
103.89.90.65,"Suricata Rdpy",6
101.132.113.119,"Suricata Honeytrap",15
82.156.230.109,"Suricata Cowrie",703
109.104.151.109,"Suricata Cowrie",21
192.35.168.64,"Suricata Honeytrap Dionaea",11
81.161.63.253,"Suricata Cowrie",131
128.116.74.154,"Suricata",5
70.70.70.73,"Suricata",3
172.25.0.2,"Suricata",74
120.27.215.137,"Suricata Honeytrap",4
104.206.128.42,"Suricata Honeytrap",8
185.220.100.250,"Suricata Heralding",16
147.189.169.31,"Suricata",24
162.62.123.46,"Suricata Honeytrap Ciscoasa CitrixHoneypot Tanner",38
162.142.125.56,"Suricata Honeytrap",126
104.206.128.2,"Suricata Honeytrap",6
209.141.48.157,"Suricata Cowrie",34
104.140.188.14,"Suricata Honeytrap",11
46.148.21.60,"Suricata Honeytrap",11
220.110.145.21,"Suricata Cowrie",6
24.105.39.9,"Suricata",39
129.213.24.47,"Suricata",3
14.29.207.102,"Suricata Rdpy",4
139.59.8.10,"Suricata Honeytrap",18
162.142.125.55,"Suricata Mailoney Honeytrap Dionaea",158
205.185.117.136,"Suricata Cowrie",54
107.189.10.119,"Suricata Heralding",2
71.6.147.254,"Suricata Honeytrap",15
222.186.42.137,"Suricata Cowrie",66
185.220.101.142,"Suricata Heralding",4
185.220.102.246,"Suricata Heralding Cowrie ssh-rsa",15
31.7.61.189,"Suricata Heralding",4
139.59.108.255,"Suricata Honeytrap",8
172.81.61.145,"Suricata",4
24.105.37.56,"Suricata",14
185.181.102.18,"Suricata Honeytrap",9
5.189.142.27,"Suricata Dionaea",9
193.37.255.114,"Suricata Honeytrap",7
39.99.142.142,"Suricata Honeytrap",3
139.224.209.168,"Suricata Honeytrap",8
185.180.143.142,"Suricata Honeytrap Dionaea",59
142.93.124.70,"Suricata",8
219.136.75.136,"Suricata Cowrie",7
41.79.78.41,"Suricata Cowrie",563
114.116.7.187,"Suricata Honeytrap",7
87.251.70.21,"Suricata Rdpy",4
39.98.254.155,"Suricata Honeytrap",10
136.175.200.3,"Suricata",4
205.185.114.251,"Suricata",1
200.9.154.230,"Suricata",25
45.238.116.252,"Suricata Tanner",2
45.135.232.165,"Suricata Cowrie",19
123.129.56.36,"Suricata",16
47.98.48.133,"Suricata Honeytrap",8
37.49.230.135,"Suricata",2055
51.75.52.127,"Suricata Honeytrap",34
51.159.89.0,"Suricata",16
188.166.93.7,"Suricata Cowrie",107
39.101.161.70,"Suricata",2
209.141.49.67,"Suricata Cowrie",26
35.245.173.225,"Suricata Honeytrap CitrixHoneypot Tanner",181
74.120.14.38,"Suricata Honeytrap",105
131.196.196.58,"Suricata",132
207.248.118.29,"Suricata Honeytrap",2818
209.141.50.79,"Suricata Cowrie",51
1.116.231.24,"Suricata Honeytrap",3
107.172.197.144,"Suricata Honeytrap",24
74.91.115.136,"Suricata",4
134.209.89.4,"Suricata",5
58.71.62.38,"Suricata",3
187.120.137.221,"Suricata",1
180.76.235.75,"Suricata Cowrie",523
198.98.56.65,"Suricata",10
118.193.32.11,"Suricata Cowrie",164
167.248.133.54,"Suricata Honeytrap Ciscoasa Dionaea",127
138.68.82.194,"Suricata Cowrie",515
151.235.233.139,"Suricata Tanner",2
172.104.155.193,"Suricata Honeytrap",46
5.188.62.219,"Suricata Cowrie",36
193.118.55.170,"Suricata",6
210.183.46.232,"Suricata Cowrie",694
143.198.144.70,"Honeytrap",101
185.153.196.72,"Honeytrap Suricata",646
51.13.100.185,"Tanner Suricata",6
34.86.35.18,"Dionaea Suricata",2
195.94.234.83,"Rdpy",348
82.77.44.170,"Rdpy",4
62.83.46.149,"Adbhoney",2
112.126.91.227,"Honeytrap",1
161.82.240.132,"Rdpy",113
183.98.103.96,"Rdpy",164
190.2.132.214,"Honeytrap",2
50.227.175.122,"Rdpy",22
2.55.79.57,"Rdpy",82
118.69.196.114,"Rdpy",86
107.179.214.219,"Adbhoney",2
190.85.232.195,"Honeytrap Rdpy",4
104.140.188.34,"Honeytrap Suricata",6
178.132.7.102,"Adbhoney",24
216.218.206.67,"Cowrie Suricata Honeypy Honeytrap",6
161.189.134.11,"Honeytrap Suricata",13
14.230.67.88,"Cowrie",30
64.225.13.192,"Honeytrap",2
194.61.54.112,"Rdpy",168
184.105.247.196,"Cowrie Suricata Honeytrap Rdpy Dionaea Adbhoney",14
37.139.12.101,"Honeytrap",2
181.192.7.243,"Cowrie",19
94.232.42.169,"Honeytrap",148
190.144.119.204,"Dionaea",1
128.199.132.6,"Honeytrap",1
178.18.247.78,"Rdpy Suricata",3
89.248.168.220,"Honeytrap",8
125.59.231.116,"Adbhoney Suricata",3
64.62.197.212,"Honeytrap Suricata",4
51.15.76.60,"Heralding Suricata",4
103.207.38.181,"Rdpy",42
87.251.67.120,"Rdpy",192
129.159.115.226,"Honeytrap Suricata",8
185.100.87.129,"Heralding Suricata",8
170.83.45.65,"Adbhoney",2
122.226.223.195,"Rdpy",129
118.26.170.129,"Dionaea",11
185.180.143.15,"Honeytrap Suricata Cowrie",50
60.213.237.76,"Cowrie",2
23.154.177.68,"Suricata Heralding",2
121.5.111.87,"Suricata Honeytrap",6
34.77.162.31,"Suricata",1
74.120.14.25,"Suricata",1
91.134.185.86,"Suricata",1
174.138.31.2,"Suricata Honeytrap",2
193.46.255.140,"Suricata",2
107.181.187.239,"Suricata Honeytrap",5
34.96.225.122,"Suricata",1
178.63.132.249,"Suricata",26
209.126.8.29,"Suricata",2
162.142.125.54,"Suricata Honeytrap Mailoney Dionaea",94
137.221.106.102,"Suricata",3
185.56.80.65,"Suricata Heralding Cowrie Honeytrap",30
212.152.181.201,"Suricata Dionaea",3
218.28.78.243,"Suricata Dionaea",3
185.220.101.205,"Suricata Heralding",10
149.200.178.138,"Suricata Honeytrap",5
121.5.134.224,"Suricata Honeytrap",3
192.241.206.232,"Suricata Honeytrap",9
71.6.146.185,"Suricata Honeytrap",13
106.53.100.192,"Suricata Honeytrap",5
212.129.236.203,"Suricata Cowrie",7
199.231.233.171,"Suricata",7
8.136.6.74,"Suricata Honeytrap",3
221.181.185.153,"Suricata Cowrie",93
198.199.66.47,"Suricata Honeytrap",7
112.126.96.97,"Suricata Honeytrap",3
104.140.188.2,"Suricata Honeytrap",4
205.185.113.21,"Suricata Cowrie",28
111.42.239.118,"Suricata Cowrie",5
114.55.37.223,"Suricata Honeytrap",3
159.89.51.178,"Suricata Honeytrap",11
193.46.255.145,"Suricata",11
185.220.100.255,"Suricata Heralding Honeytrap",38
177.54.158.16,"Suricata",5
81.68.110.80,"Suricata Cowrie",200
158.69.40.212,"Suricata",13
103.147.4.177,"Suricata Cowrie",708
149.56.116.187,"Suricata",61
134.122.89.249,"Suricata Cowrie",679
168.138.230.95,"Suricata Cowrie",673
164.52.24.172,"Suricata Honeytrap",14
45.137.104.231,"Suricata Honeytrap",25
103.136.40.17,"Suricata Cowrie",513
190.144.182.86,"Suricata Cowrie",694
50.115.168.140,"Suricata Cowrie",664
58.230.147.230,"Suricata Cowrie",674
187.189.175.4,"Suricata Cowrie",691
159.65.73.172,"Suricata Cowrie",322
167.248.133.18,"Suricata",2
164.52.24.174,"Suricata",10
209.141.47.35,"Suricata Honeytrap",3
112.120.144.3,"Suricata Cowrie",1333
121.204.213.37,"Suricata Cowrie",440
62.122.156.74,"Suricata Cowrie",1383
1.14.142.5,"Suricata Cowrie",348
45.133.1.115,"Suricata Cowrie",27
181.189.144.206,"Suricata Cowrie",628
81.68.146.199,"Suricata Cowrie",197
175.24.116.23,"Suricata Cowrie",191
74.213.175.110,"Suricata",9
81.69.26.23,"Suricata Cowrie",352
189.57.73.18,"Suricata Cowrie",696
149.129.222.60,"Suricata Cowrie",677
168.63.137.51,"Suricata Cowrie",351
103.63.108.25,"Suricata Cowrie",691
185.180.143.145,"Suricata Honeytrap",37
194.26.29.28,"Suricata Rdpy Honeytrap",14
105.203.195.68,"Suricata Cowrie",26
24.53.163.9,"Suricata Dionaea",2
82.65.103.86,"Suricata Cowrie",13
64.113.32.29,"Suricata Heralding",8
185.220.100.253,"Suricata Heralding",25
221.131.165.23,"Suricata Cowrie",180
45.113.71.219,"Suricata",1
209.127.17.242,"Suricata Heralding",4
42.115.231.47,"Suricata Dionaea",5395
185.220.100.251,"Suricata Heralding",15
185.220.101.144,"Suricata Heralding",10
111.204.204.72,"Suricata Cowrie",691
209.141.58.203,"Suricata Cowrie",674
89.163.252.30,"Suricata Heralding Cowrie",14
186.250.38.210,"Suricata",22
81.161.63.100,"Suricata Cowrie",97
77.247.108.42,"Suricata Honeytrap",9
194.26.29.192,"Suricata",8
135.148.27.110,"Suricata",11
138.0.251.239,"Suricata",7
129.146.243.58,"Suricata",1
92.118.161.45,"Suricata Honeytrap",6
45.79.149.216,"Suricata Tanner",2
52.142.23.159,"Suricata",5
45.225.184.130,"Suricata Dionaea",7
128.199.1.140,"Suricata Cowrie",407
205.185.117.246,"Suricata Cowrie",27
124.106.165.55,"Suricata Dionaea",16
185.202.1.123,"Suricata Honeytrap Rdpy",18
47.99.46.169,"Suricata",1
45.142.152.240,"Suricata Honeytrap",4
193.118.53.194,"Suricata Honeytrap Ciscoasa Tanner CitrixHoneypot",13
193.46.255.122,"Suricata",12
202.162.79.202,"Suricata CitrixHoneypot",11
144.172.73.231,"Suricata",3
86.190.254.25,"Suricata",5
195.154.62.232,"Suricata CitrixHoneypot",2
185.216.32.130,"Suricata Heralding",8
198.96.155.3,"Suricata Heralding ssh-rsa Cowrie",25
190.115.196.253,"Suricata",230
201.33.23.186,"Suricata Dionaea",14
209.141.59.243,"Suricata Cowrie",26
35.190.209.89,"Suricata Honeytrap",4
104.206.128.34,"Suricata Honeytrap",9
27.128.114.161,"Suricata",2
181.111.228.110,"Suricata Dionaea",7
74.91.124.123,"Suricata",3
106.15.5.243,"Suricata",4
139.162.102.46,"Suricata Honeytrap Dionaea",29
192.241.209.69,"Suricata Honeytrap",5
178.17.174.13,"Suricata Heralding",2
35.84.0.13,"Suricata Rdpy",4
81.6.43.167,"Suricata Heralding",6
35.195.57.216,"Suricata Honeytrap Dionaea",44
185.100.85.101,"Suricata Heralding",2
80.249.131.237,"Suricata Honeytrap",48
185.220.100.240,"Suricata Heralding",10
177.54.147.181,"Suricata",13
209.141.50.18,"Suricata Cowrie",39
106.14.8.103,"Suricata",1
120.27.129.157,"Suricata Honeytrap",6
209.141.46.141,"Suricata Cowrie",17
41.205.83.6,"Suricata Dionaea Honeytrap",10
185.220.102.243,"Suricata Heralding Cowrie",20
120.53.245.68,"Suricata Cowrie",7
192.35.168.144,"Suricata Honeytrap",41
14.243.214.176,"Suricata Dionaea",8774
91.132.58.35,"Suricata",2
104.248.45.199,"Suricata",17
47.105.69.122,"Suricata Honeytrap",6
103.75.161.30,"Suricata Honeytrap",13
23.95.132.55,"Suricata CitrixHoneypot",6
171.225.247.168,"Suricata Cowrie",97
106.14.78.239,"Suricata Honeytrap",6
185.53.90.36,"Suricata",6
175.27.163.161,"Suricata Cowrie",727
157.245.178.61,"Suricata Cowrie",681
157.86.20.12,"Suricata Tanner",6
103.226.250.169,"Suricata Cowrie",737
42.225.26.175,"Suricata Honeytrap",5
134.209.87.69,"Suricata Honeytrap",46
222.187.239.109,"Suricata Cowrie",107
109.74.198.200,"Suricata Honeytrap",46
116.105.214.202,"Suricata Cowrie",64
162.244.77.140,"Suricata Cowrie",7
45.148.10.50,"Suricata Honeytrap Cowrie",52
89.163.249.192,"Suricata Heralding",2
5.188.211.105,"Suricata Dionaea",7
185.180.143.14,"Suricata Honeytrap",20
192.241.206.213,"Suricata Honeytrap",13
192.241.211.129,"Suricata Honeytrap",3
71.6.167.142,"Suricata Honeytrap",12
193.46.255.93,"Suricata",8
51.89.81.21,"Suricata",14
128.14.136.78,"Suricata Honeytrap",29
197.220.163.230,"Suricata Dionaea",7
70.53.235.175,"Suricata",1
47.75.231.220,"Suricata",1
125.64.94.140,"Suricata",5
193.118.53.130,"Suricata Honeytrap",51
51.254.59.113,"Suricata Tanner",6
128.14.209.154,"Suricata Honeytrap",24
172.67.155.6,"Suricata",15
5.153.234.18,"Suricata",5
91.220.163.3,"Suricata Rdpy",15
185.191.124.153,"Suricata Heralding",20
68.183.233.243,"Suricata Honeytrap",3
185.220.100.249,"Suricata Heralding",8
193.189.100.202,"Suricata Heralding",2
185.220.101.200,"Suricata Heralding Honeytrap",14
183.136.225.14,"Suricata Dionaea CitrixHoneypot",7
34.96.130.7,"Suricata Rdpy",15
104.206.128.10,"Suricata",2
5.2.77.22,"Suricata Cowrie",7
185.191.124.143,"Suricata Cowrie Heralding",28
104.244.74.121,"Suricata Cowrie",7
23.236.146.180,"Suricata Cowrie Heralding",9
222.187.232.205,"Suricata Cowrie",54
186.226.61.58,"Suricata",1
162.142.125.128,"Suricata Honeytrap",60
23.90.160.146,"Suricata Honeytrap Cowrie",33
138.0.251.207,"Suricata",6
65.49.20.66,"Suricata Cowrie Honeytrap",12
185.220.101.203,"Suricata Heralding",4
185.220.101.130,"Suricata Heralding",4
186.33.110.178,"Suricata Honeytrap",2
186.67.163.106,"Suricata",2
104.244.77.101,"Suricata Heralding",2
78.130.128.106,"Suricata Heralding",2
128.14.209.146,"Suricata Honeytrap",9
123.56.154.131,"Suricata Honeytrap",6
45.130.53.215,"Suricata",4
177.54.147.199,"Suricata",8
158.69.35.227,"Suricata Heralding",4
185.173.35.41,"Suricata Cowrie",5
34.77.162.24,"Suricata Rdpy",15
221.122.108.42,"Suricata Dionaea",3
209.141.37.151,"Suricata Honeytrap",16
213.202.216.189,"Suricata Cowrie",14
194.125.251.27,"Suricata",4
81.161.63.103,"Suricata Cowrie",208
115.76.163.34,"Suricata Cowrie",49
187.195.102.192,"Suricata Rdpy",3
202.39.54.2,"Suricata Tanner",2
138.36.28.89,"Suricata Tanner",2
209.141.42.128,"Suricata Honeytrap",22
13.66.217.238,"Suricata",1
106.75.84.37,"Suricata Honeytrap",8
103.219.152.32,"Suricata Cowrie",690
85.192.56.52,"Suricata Tanner Dionaea",151
124.121.140.138,"Suricata",1
93.174.95.106,"Suricata Honeytrap",10
150.109.231.12,"Suricata",1
192.241.212.215,"Suricata Honeytrap CitrixHoneypot",4
138.121.120.92,"Suricata Cowrie",318
88.151.140.172,"Suricata",2
92.118.161.13,"Suricata Honeytrap",4
77.247.181.163,"Suricata Honeytrap Heralding",5
180.247.216.171,"Suricata Dionaea",37
64.62.197.2,"Suricata Ciscoasa CitrixHoneypot Honeytrap",68
51.81.34.149,"Suricata Heralding",10
91.149.225.131,"Suricata Heralding Honeytrap",11
185.220.100.254,"Suricata Heralding",18
167.88.15.109,"Suricata",54
72.214.121.50,"Suricata",5
41.78.118.2,"Suricata Dionaea",7
185.180.143.76,"Suricata Honeytrap",21
47.25.88.228,"Suricata Cowrie",5
36.255.85.205,"Suricata Tanner",2
211.21.30.222,"Suricata Dionaea",7
185.220.101.11,"Suricata Heralding",6
45.55.224.209,"Suricata Cowrie",213
109.75.37.210,"Suricata",7
45.91.226.239,"Suricata Rdpy",4
117.50.7.159,"Suricata Honeytrap",29
209.141.54.159,"Suricata Cowrie",58
195.144.21.56,"Suricata",3
117.50.66.99,"Suricata Honeytrap",7
142.11.196.100,"Suricata Mailoney",7
91.148.147.214,"Suricata Heralding",2
106.75.79.172,"Suricata Honeytrap",13
107.189.10.237,"Suricata Heralding",4
123.10.87.6,"Suricata Honeytrap",4
185.220.101.208,"Suricata Heralding",4
162.247.72.199,"Suricata Heralding",6
111.93.145.146,"Suricata Cowrie",716
193.239.232.102,"Suricata Heralding",2
104.206.128.50,"Suricata",1
45.15.16.82,"Suricata Heralding",2
185.94.111.1,"Suricata",8
162.247.74.204,"Suricata Heralding",6
77.247.181.165,"Suricata Heralding",9
185.173.35.37,"Suricata Honeytrap",4
142.93.121.47,"Suricata Cowrie",737
185.220.101.202,"Suricata Heralding Cowrie",9
138.197.180.102,"Suricata Cowrie",581
185.220.102.253,"Suricata Heralding Cowrie",15
31.7.61.190,"Suricata Heralding",4
205.185.114.54,"Suricata",4
167.71.239.246,"Suricata Dionaea",2
103.49.154.6,"Suricata Cowrie",687
167.99.243.247,"Suricata",2
45.32.8.73,"Suricata Honeytrap",14
193.118.55.146,"Suricata Honeytrap",12
178.128.22.29,"Suricata Cowrie",657
3.81.145.9,"Suricata Honeytrap",2
27.40.120.91,"Suricata Honeytrap",4
162.221.192.26,"Suricata CitrixHoneypot",4
104.248.236.232,"Suricata Cowrie",7
39.164.76.19,"Suricata",1
184.105.139.67,"Suricata",5
128.14.133.50,"Suricata Rdpy Honeytrap",35
178.79.156.197,"Suricata",6
124.248.237.2,"Suricata Honeytrap",3
45.93.201.97,"Suricata Honeytrap Cowrie Rdpy",3072
67.230.173.18,"Suricata Cowrie",7
54.225.21.29,"Suricata Honeytrap",8
192.241.210.167,"Suricata Honeytrap",5
209.141.43.118,"Suricata",30
61.72.255.26,"Suricata Honeytrap",6
218.59.231.14,"Suricata Honeytrap",3
185.220.100.243,"Suricata Honeytrap Heralding",9
104.232.32.184,"Suricata Honeytrap",2
185.142.239.16,"Suricata Honeytrap Adbhoney",14
177.54.148.114,"Suricata",11
51.161.99.2,"Suricata",10
164.155.104.184,"Suricata Cowrie",685
185.173.35.49,"Suricata Honeytrap",5
74.82.47.194,"Suricata Heralding",2
209.141.60.60,"Suricata Cowrie",122
193.93.62.130,"Suricata Honeytrap",116
209.141.40.252,"Suricata Cowrie",13
5.2.69.50,"Suricata Heralding Cowrie",24
5.188.62.220,"Suricata Cowrie",58
91.219.237.21,"Suricata Heralding",10
185.220.102.241,"Suricata Heralding",8
103.90.205.51,"Suricata Honeytrap",2
199.195.250.77,"Suricata Heralding Honeytrap",11
170.106.67.55,"Suricata Honeytrap",2
186.85.159.135,"Suricata Cowrie",628
198.98.50.112,"Suricata Heralding Cowrie",11
185.220.100.252,"Suricata Heralding",18
185.107.70.202,"Suricata Heralding",6
95.141.35.15,"Suricata Heralding",2
89.163.150.213,"Suricata Heralding",2
184.105.139.102,"Suricata Dionaea",2
209.141.52.133,"Suricata Honeytrap",11
123.10.226.149,"Suricata Cowrie",27
220.72.84.202,"Suricata",1
45.132.95.159,"Suricata Honeytrap",2
107.189.10.42,"Suricata Heralding",2
80.82.77.227,"Suricata Honeytrap",15
172.18.0.2,"Suricata",32
192.42.116.28,"Suricata Cowrie Heralding",9
71.6.232.7,"Suricata",4
190.111.246.85,"Suricata Dionaea",3
193.189.100.205,"Suricata Heralding",4
115.87.222.234,"Suricata",1
103.203.57.3,"Suricata Honeytrap",2
185.36.81.182,"Suricata Cowrie",150
144.217.60.211,"Suricata Heralding",2
120.31.132.35,"Suricata Dionaea",8
49.206.18.102,"Suricata Cowrie",260
74.91.119.176,"Suricata",40
80.82.77.139,"Suricata Cowrie Honeytrap",32
80.82.77.33,"Suricata Honeytrap",20
66.228.39.224,"Suricata",6
159.89.145.141,"Suricata",1
51.79.117.31,"Suricata",44
202.134.0.9,"Suricata Honeytrap",5
192.241.207.196,"Suricata Dionaea",3
170.106.36.232,"Suricata",1
104.206.128.78,"Suricata Cowrie Honeytrap",7
188.166.172.189,"Suricata",5
171.25.193.20,"Suricata Heralding",22
92.114.16.108,"Suricata Dionaea",7
45.229.54.88,"Suricata Adbhoney",6
119.92.139.130,"Suricata Dionaea",9193
185.153.199.107,"Suricata Honeytrap",77
209.141.47.138,"Suricata Cowrie",44
64.227.27.154,"Suricata Honeytrap",7
124.156.244.21,"Suricata Honeytrap",2
47.107.104.195,"Suricata Honeytrap",3
89.163.249.244,"Suricata Heralding",4
172.27.0.2,"Suricata",6
185.100.87.243,"Suricata Heralding Honeytrap",9
122.160.51.88,"Suricata Cowrie",7
162.247.73.192,"Suricata Heralding",6
162.142.125.21,"Suricata",1
193.169.145.66,"Suricata",1
88.80.186.137,"Suricata",4
18.232.165.24,"Suricata",7
41.76.175.129,"Suricata Cowrie",691
172.81.61.139,"Suricata",4
185.180.143.147,"Suricata Honeytrap",36
172.105.224.72,"Suricata Honeytrap",2
89.163.252.12,"Suricata Cowrie Heralding",13
89.163.154.91,"Suricata Cowrie Honeytrap Heralding",11
143.198.126.190,"Suricata Cowrie",169
192.35.168.176,"Suricata",1
74.82.47.54,"Suricata",1
193.189.100.194,"Suricata Heralding",2
185.220.102.249,"Suricata Heralding Cowrie",24
185.220.102.250,"Suricata Cowrie Heralding",15
213.181.97.132,"Suricata Rdpy",4
185.220.101.4,"Suricata Heralding",2
185.220.101.204,"Suricata Heralding Honeytrap",7
93.71.107.11,"Suricata Cowrie",13
104.206.128.58,"Suricata Honeytrap",5
45.232.225.112,"Suricata Tanner",2
185.191.124.150,"Suricata Heralding Cowrie",18
143.198.132.92,"Suricata Cowrie",16
185.220.102.251,"Suricata Heralding",5
185.92.244.83,"Suricata",1
185.220.102.244,"Suricata Cowrie Heralding",20
185.220.101.197,"Suricata Cowrie",7
185.107.47.171,"Suricata Honeytrap Heralding",12
185.191.124.151,"Suricata Heralding Cowrie",13
1.15.150.87,"Suricata Cowrie",749
36.82.96.127,"Suricata Honeytrap Cowrie",60
106.75.188.21,"Suricata Cowrie",651
138.68.93.117,"Suricata",6
91.132.58.60,"Suricata",1
185.165.190.17,"Suricata Honeytrap Rdpy",38
104.206.128.14,"Suricata Honeytrap",5
106.75.254.114,"Suricata Cowrie",680
121.196.99.180,"Suricata Honeytrap",3
121.78.116.11,"Suricata Dionaea",8
124.156.50.239,"Suricata Honeytrap",2
82.65.121.132,"Suricata Cowrie",13
159.75.130.39,"Suricata Cowrie",693
192.241.174.44,"Suricata Cowrie",690
104.244.73.13,"Suricata Cowrie Heralding",9
95.142.161.63,"Suricata Heralding Cowrie",9
185.220.102.6,"Suricata Cowrie",7
37.49.230.190,"Suricata",4
135.148.3.35,"Suricata",9
185.165.169.18,"Suricata Heralding Cowrie",18
50.116.48.34,"Suricata Honeytrap",2
172.22.0.2,"Suricata",33
159.89.163.158,"Suricata Cowrie",692
107.170.113.190,"Suricata Cowrie",739
218.28.108.237,"Suricata Cowrie",244
14.241.142.197,"Suricata Dionaea",6721
192.241.207.249,"Suricata Honeytrap",5
135.148.32.170,"Suricata Heralding",14
209.141.53.10,"Suricata Heralding",2
185.130.44.108,"Suricata Heralding",8
185.220.100.246,"Suricata Heralding",12
179.43.167.226,"Suricata Heralding",2
192.241.206.168,"Suricata",2
123.23.142.71,"Suricata Cowrie Honeytrap",55
185.180.143.73,"Suricata Honeytrap",11
178.17.171.124,"Suricata",1
195.122.226.164,"Suricata Cowrie",7
192.241.210.35,"Suricata Honeytrap",4
185.100.87.251,"Suricata Heralding",8
176.58.111.169,"Suricata",1
159.89.116.2,"Suricata",3
41.251.177.113,"Suricata Cowrie Honeytrap",59
92.118.161.49,"Suricata Honeytrap",9
192.35.168.80,"Suricata Honeytrap",8
221.181.185.19,"Suricata Cowrie",66
115.29.66.224,"Suricata",4
203.150.102.162,"Suricata Cowrie",692
112.53.227.66,"Suricata Tanner",4
217.70.23.114,"Suricata",5
218.241.98.198,"Suricata",1
31.7.61.187,"Suricata Heralding",2
185.220.103.9,"Suricata Heralding",8
121.199.54.31,"Suricata Honeytrap",6
188.130.139.21,"Suricata",1
128.1.248.26,"Suricata Tanner Ciscoasa Honeytrap CitrixHoneypot",9
199.212.57.244,"Suricata Honeytrap",4
185.65.205.10,"Suricata Heralding",4
104.248.202.55,"Suricata Honeytrap",8
186.4.171.93,"Suricata CitrixHoneypot",2
222.186.30.76,"Suricata Cowrie",54
47.117.122.135,"Suricata",4
209.141.61.27,"Suricata Cowrie",5
205.185.113.76,"Suricata Cowrie",11
184.105.139.94,"Suricata Dionaea",3
124.56.22.58,"Suricata Honeytrap",12
192.241.212.226,"Suricata Cowrie Honeytrap",17
193.118.55.162,"Suricata Honeytrap",19
128.14.209.242,"Suricata Honeytrap",11
192.99.15.90,"Suricata",1
34.77.162.12,"Suricata Rdpy",15
186.33.127.191,"Suricata",1
162.247.74.200,"Suricata Heralding",5
171.25.193.78,"Suricata Heralding",10
46.19.141.84,"Suricata Heralding",2
198.23.172.233,"Suricata CitrixHoneypot",8
192.241.200.116,"Suricata",1
106.15.180.14,"Suricata",4
104.155.101.3,"Suricata Honeytrap",2
92.118.161.41,"Suricata Honeytrap",3
114.55.133.228,"Suricata",1
89.163.221.63,"Suricata",5
185.173.35.1,"Suricata Honeytrap",8
51.79.72.176,"Suricata Heralding",2
192.35.168.109,"Suricata",1
192.42.116.16,"Suricata Heralding",4
98.185.166.250,"Suricata",1
94.142.241.194,"Suricata Heralding",2
161.97.117.25,"Suricata",3
117.6.85.47,"Suricata Dionaea",15
198.244.130.142,"Suricata",3
170.106.74.33,"Suricata Honeytrap",2
37.49.229.219,"Suricata",3
209.141.33.232,"Suricata Dionaea",72
119.28.100.102,"Suricata Cowrie",691
104.248.53.147,"Suricata Honeytrap",5
139.162.77.133,"Suricata Honeytrap",3
222.163.56.73,"Suricata Honeytrap",2
185.220.101.6,"Suricata Heralding",6
104.140.188.6,"Suricata Honeytrap",4
58.119.4.58,"Suricata",1
185.220.101.7,"Suricata Heralding",9
59.94.182.243,"Suricata",1
116.110.30.207,"Suricata Cowrie",34
92.118.160.37,"Suricata Honeytrap",7
194.110.115.10,"Rdpy",4
220.118.77.116,"Rdpy",51
93.77.99.89,"Adbhoney",2
118.70.52.167,"Suricata Rdpy",4
120.15.209.116,"Cowrie",8
88.151.140.163,"Suricata",1
185.180.143.148,"Suricata Honeytrap Dionaea",20
92.118.161.9,"Suricata Honeytrap",6
91.196.148.56,"Suricata Honeytrap",3
193.32.126.160,"Heralding Suricata",4
186.249.192.12,"Rdpy",16
159.89.145.15,"Honeytrap",1
87.229.251.14,"Rdpy",40
179.109.200.226,"Rdpy",48
85.109.218.25,"Cowrie",4
162.247.74.74,"Heralding Suricata Cowrie",13
207.46.225.141,"Suricata Honeytrap",5
139.59.15.111,"Suricata Honeytrap",3
219.136.204.35,"Honeytrap",2
34.86.35.4,"Suricata",2
159.89.150.254,"Suricata",1
185.191.34.211,"Dionaea Honeytrap Rdpy",180
165.22.247.117,"Honeytrap",3
106.13.26.62,"Suricata Cowrie",7
50.196.25.97,"Rdpy",8
222.137.145.190,"Cowrie",30
134.209.102.131,"Honeytrap",3
123.156.225.91,"Honeytrap",1
185.220.101.148,"Suricata Heralding",2
37.59.221.112,"Suricata",3
93.148.244.185,"Rdpy",39
59.11.127.119,"Adbhoney",2
185.220.101.3,"Suricata Heralding",12
185.220.102.254,"Suricata Heralding",10
117.222.96.237,"Cowrie",6
107.179.33.13,"Suricata",7
14.141.174.230,"Dionaea Suricata Honeytrap",5
198.251.84.74,"Suricata Heralding",2
185.220.100.244,"Suricata Heralding Honeytrap",11
185.220.100.248,"Suricata Heralding",4
39.107.30.179,"Honeytrap",1
139.129.22.210,"Suricata",1
104.131.3.104,"Honeytrap",1
192.42.116.18,"Heralding Suricata",2
173.238.189.150,"Adbhoney",2
192.241.204.80,"Honeytrap",1
51.210.151.116,"Suricata Honeytrap",4
185.180.143.146,"Suricata",5
77.65.11.181,"Rdpy",39
188.253.45.248,"Cowrie",21
161.97.140.16,"Suricata",4
142.93.180.90,"Honeytrap",1
120.150.222.154,"Rdpy",12
189.224.168.93,"Dionaea",1
46.101.163.228,"Honeytrap",2
88.135.194.132,"Adbhoney",2
123.194.126.177,"Adbhoney",2
50.96.4.221,"Adbhoney",2
92.118.160.41,"Suricata Honeytrap",3
72.11.135.250,"Rdpy",16
220.189.236.158,"Dionaea",1
104.248.14.216,"Honeytrap",1
185.165.190.34,"Suricata Honeytrap",8
95.6.16.145,"Honeytrap",1
49.64.188.77,"Adbhoney",2
192.144.213.69,"Honeytrap",1
1.43.216.253,"Cowrie",2
139.177.194.10,"Suricata",3
157.230.214.77,"Suricata",3
209.141.34.232,"Suricata Cowrie",7
69.164.212.144,"Suricata",1
31.171.80.42,"Honeytrap",1
107.189.11.153,"Suricata Cowrie",7
91.126.206.51,"Adbhoney",2
68.183.84.116,"Honeytrap",2
49.234.47.214,"Suricata",2
116.62.210.48,"Honeytrap",1
187.55.61.86,"Adbhoney",2
112.126.82.137,"Honeytrap",1
190.94.140.144,"Suricata Honeytrap",2
192.241.212.156,"Suricata Dionaea",3
178.128.127.168,"Honeytrap",2
139.59.15.46,"Suricata",12
178.141.121.156,"Honeytrap",14
178.175.71.149,"Suricata",2
128.199.152.49,"Honeytrap",2
162.247.74.201,"Suricata Heralding",8
45.144.225.119,"Suricata Heralding",7
42.232.236.111,"Suricata",1
66.240.219.146,"Suricata Honeytrap",10
185.220.101.5,"Suricata Heralding Honeytrap",3
152.32.186.87,"Suricata Honeytrap",6
192.250.233.240,"Cowrie Honeypy",4
212.1.214.111,"Suricata",1
161.35.7.5,"Honeytrap",1
185.216.140.31,"Honeytrap",8
23.90.160.138,"Suricata Rdpy",11
47.96.227.1,"Suricata Honeytrap",6
45.155.205.249,"Suricata Cowrie",17
207.244.70.35,"Suricata Cowrie",7
185.100.87.244,"Suricata Heralding",2
51.159.94.134,"Suricata Heralding",4
89.234.157.254,"Heralding Suricata Cowrie",15
37.157.253.79,"Honeytrap",1
139.162.163.167,"Suricata Honeytrap",46
220.134.222.210,"Cowrie",2
219.68.96.153,"Suricata Dionaea",6
45.55.179.132,"Suricata Honeytrap",3
185.38.175.72,"Honeytrap Suricata Heralding",3
185.220.101.21,"Honeytrap Suricata Heralding",4
163.204.209.201,"Suricata Honeytrap",4
156.96.48.88,"Rdpy",9
112.248.101.114,"Honeytrap",9
147.135.127.109,"Suricata",4
18.237.210.94,"Suricata Tanner CitrixHoneypot",123
192.35.168.16,"Honeytrap Suricata",3
113.110.201.132,"Cowrie",18
41.67.48.101,"Suricata Cowrie",176
139.224.75.159,"Suricata Honeytrap",3
95.46.157.238,"Suricata Dionaea",3
82.48.155.144,"Cowrie",2
111.7.96.140,"Suricata",2
39.107.58.150,"Suricata",1
185.202.1.81,"Suricata Rdpy",5
83.177.184.215,"Adbhoney",2
92.118.161.33,"Honeytrap Dionaea",2
47.105.78.236,"Honeytrap Suricata",7
188.148.149.150,"Adbhoney",2
46.19.141.85,"Suricata Heralding",2
171.25.193.25,"Suricata Heralding",10
185.220.101.138,"Suricata Heralding",4
188.166.181.65,"Honeytrap",2
171.25.193.77,"Suricata Heralding",10
123.191.128.104,"Suricata",1
45.172.54.3,"Suricata",1
117.50.99.165,"Suricata",4
192.241.211.250,"Honeytrap",1
172.105.208.132,"Suricata Honeytrap",3
45.146.165.72,"Suricata Cowrie",19
209.141.59.214,"Suricata",2
45.165.227.28,"Honeytrap",11
120.78.187.109,"Suricata",5
185.220.103.111,"Suricata Cowrie",7
62.102.148.68,"Suricata Cowrie",7
189.113.131.44,"Suricata Cowrie",33
103.78.180.110,"Cowrie",2
46.101.228.29,"Suricata Cowrie",7
194.88.143.66,"Suricata Heralding",2
167.71.17.216,"Suricata",4
64.227.98.65,"Suricata",3
157.245.255.226,"Honeytrap",3
209.141.61.33,"Suricata Cowrie",53
116.72.30.94,"Cowrie",48
185.220.101.137,"Suricata Heralding",4
34.229.100.238,"Suricata",6
90.84.227.99,"Suricata Dionaea",7
119.23.128.122,"Suricata",1
118.163.191.195,"Suricata Dionaea Honeytrap",8
192.187.111.130,"Suricata Heralding",2
185.220.101.18,"Suricata Heralding",2
188.68.45.180,"Suricata Heralding",4
162.247.74.217,"Suricata Heralding",4
128.14.209.234,"Suricata",2
131.196.198.114,"Suricata",22
185.220.101.24,"Suricata Heralding",4
123.59.250.99,"Honeytrap",2
170.246.196.226,"Dionaea",11
221.164.17.188,"Adbhoney",2
52.183.126.162,"Suricata Honeytrap",2
177.54.149.80,"Suricata",14
118.31.124.135,"Honeytrap",1
34.203.207.188,"Suricata",2
1.179.185.50,"Suricata Cowrie",7
3.82.187.189,"Suricata",3
64.227.111.41,"Suricata Tanner",4
8.135.97.150,"Suricata Honeytrap",4
74.91.117.204,"Suricata",58
181.225.54.50,"Suricata Cowrie Honeytrap",61
14.247.125.133,"Suricata Dionaea",13
153.127.77.68,"Honeytrap",4
185.216.140.6,"Honeytrap",6
185.173.35.29,"Suricata Honeytrap",6
218.201.250.233,"Suricata",7
185.42.170.203,"Suricata Heralding",2
104.244.72.168,"Suricata Heralding",2
80.82.77.240,"Honeytrap Suricata",24
168.70.5.94,"Adbhoney",2
185.220.101.193,"Suricata Heralding",8
120.79.80.229,"Suricata",2
158.69.33.162,"Suricata",1
164.77.54.147,"Suricata Honeytrap",2
185.101.33.155,"Suricata Honeytrap",6
164.52.24.182,"Suricata Honeytrap",15
110.44.123.117,"Cowrie",21
193.109.128.100,"Cowrie",2
150.109.195.243,"Suricata Honeytrap",2
114.67.82.159,"Dionaea",1
104.206.128.66,"Honeytrap Suricata",7
128.199.86.56,"Honeytrap",2
185.142.236.34,"Suricata Honeytrap Dionaea",15
149.167.80.131,"Adbhoney",2
95.179.32.109,"Honeytrap",4
128.14.133.58,"Honeytrap Suricata",4
112.167.82.135,"Cowrie",2
192.241.206.88,"Suricata Honeytrap",3
27.72.30.223,"Rdpy",3
178.175.8.26,"Suricata Honeytrap",4
52.151.47.90,"Tanner Suricata",5
13.52.80.57,"Suricata Rdpy",2
185.173.35.13,"Honeytrap Suricata",2
121.5.178.228,"Honeytrap",1
206.189.47.79,"Honeytrap",2
139.199.76.156,"Suricata Adbhoney",6
118.96.221.212,"Suricata",1
128.199.188.2,"Honeytrap",3
209.141.55.103,"Suricata",1
39.108.177.164,"Suricata Honeytrap",10
185.220.103.4,"Suricata Heralding",4
117.146.52.148,"Adbhoney",2
62.104.20.72,"Suricata",3
192.241.210.46,"Suricata Cowrie",6
185.142.236.38,"Suricata Honeytrap",21
170.130.187.6,"Suricata Honeytrap",3
72.214.103.68,"Suricata Cowrie",58
85.50.13.67,"Suricata Cowrie",7
209.141.34.95,"Suricata Heralding",6
74.82.47.50,"Suricata",1
3.98.32.121,"Suricata",3
124.133.230.74,"Suricata",4
170.130.187.22,"Suricata Honeytrap",4
185.107.47.215,"Suricata Heralding",4
112.124.58.163,"Suricata",4
89.248.172.16,"Suricata Honeytrap",13
128.199.119.219,"Suricata Honeytrap",2
193.242.145.16,"Suricata Honeytrap",10
18.144.35.195,"Suricata",29
185.220.102.248,"Suricata Heralding",6
134.209.164.184,"Suricata Honeytrap",3
192.241.204.239,"Suricata Honeytrap",5
128.199.6.217,"Suricata Cowrie",52
23.95.191.212,"Suricata CitrixHoneypot",3
104.253.109.181,"Suricata",1
167.99.110.67,"Suricata Honeytrap",52
190.85.183.250,"Suricata Cowrie",726
104.206.128.62,"Suricata",2
80.82.76.6,"Suricata",4
176.215.246.247,"Suricata Cowrie",690
86.170.154.33,"Suricata Cowrie",693
36.82.106.238,"Suricata Cowrie",707
191.255.158.148,"Suricata Honeytrap",2
138.68.163.110,"Suricata Cowrie",4
199.19.225.14,"Suricata Cowrie",13
71.127.148.69,"Suricata",10
121.41.201.139,"Suricata Honeytrap",10
209.141.61.26,"Suricata Cowrie",36
89.179.126.155,"Suricata Cowrie",679
178.175.130.243,"Suricata Cowrie",26
2.136.210.235,"Suricata Cowrie",680
223.223.176.61,"Suricata Honeytrap",5
190.4.31.28,"Suricata Dionaea",10
144.126.223.247,"Suricata",2
146.88.240.4,"Suricata Dionaea",18
77.158.71.118,"Suricata Cowrie",747
46.161.27.44,"Suricata Honeytrap",45
104.248.236.10,"Suricata Cowrie",685
2.181.177.76,"Suricata Dionaea",6
194.165.16.16,"Suricata Honeytrap",30
45.125.65.112,"Suricata Heralding",2
222.242.155.59,"Suricata Honeytrap",6
94.230.208.147,"Suricata Heralding",4
fe80:0000:0000:0000:0002:44ff:fe28:8819,"Suricata",3
34.207.233.83,"Suricata Honeytrap",8
114.33.156.230,"Suricata Honeytrap",6
144.172.67.126,"Suricata",335
45.227.254.4,"Suricata",11
116.203.190.179,"Suricata Honeytrap CitrixHoneypot",9
104.131.46.166,"Suricata Cowrie",740
1.117.94.228,"Suricata Honeytrap",3
141.98.81.147,"Suricata Honeytrap",10
198.98.53.96,"Suricata",1
77.1.155.20,"Suricata Cowrie",30
157.230.250.50,"Suricata",6
93.174.89.244,"Suricata Tanner",2
117.50.100.216,"Suricata",1
220.135.62.222,"Suricata Dionaea",2
192.241.206.75,"Suricata",2
191.125.30.209,"Suricata Cowrie",7
209.141.62.52,"Suricata Cowrie",38
128.14.134.170,"Suricata Ciscoasa Honeytrap",7
217.23.37.145,"Suricata Dionaea",6
46.101.97.5,"Suricata Cowrie",743
82.148.25.220,"Suricata",5
139.177.193.223,"Suricata",4
213.141.157.220,"Suricata Cowrie",693
192.160.102.166,"Suricata Heralding",4
185.12.45.114,"Suricata Heralding",2
192.241.206.59,"Suricata Honeytrap",5
59.83.222.82,"Suricata Cowrie",693
139.162.99.243,"Suricata",2
123.25.204.233,"Suricata",3
172.104.208.206,"Suricata Honeytrap",5
60.30.98.194,"Suricata Cowrie",690
60.205.190.157,"Suricata Honeytrap",4
205.185.120.2,"Suricata Cowrie",6
45.119.83.114,"Suricata Cowrie",682
117.6.3.175,"Suricata Dionaea",16
74.82.47.2,"Suricata Honeytrap",3
45.33.55.67,"Suricata",6
176.58.107.179,"Suricata",6
83.135.79.232,"Suricata Cowrie",13
180.166.228.244,"Suricata Cowrie",677
114.220.104.4,"Suricata Honeytrap",2
68.183.221.115,"Suricata Cowrie",489
185.220.101.201,"Suricata Heralding",5
45.129.136.15,"Suricata",17
51.195.139.206,"Suricata",4
103.41.25.94,"Suricata Honeytrap",3
109.74.202.179,"Suricata Honeytrap",47
112.125.90.76,"Suricata Honeytrap",3
144.217.158.194,"Suricata",5
167.71.44.162,"Suricata Honeytrap",2
179.84.65.153,"Suricata Cowrie",272
151.237.185.110,"Suricata Heralding",2
185.100.87.242,"Suricata Heralding",10
172.104.157.23,"Suricata",6
139.162.202.229,"Suricata",6
118.69.55.101,"Suricata Cowrie",696
185.153.196.70,"Suricata Honeytrap",10
101.201.254.133,"Suricata Honeytrap",3
120.27.23.215,"Suricata",5
23.251.102.74,"Suricata Honeytrap CitrixHoneypot",4
39.96.28.168,"Suricata Honeytrap",3
209.141.54.56,"Suricata Cowrie",28
82.199.111.50,"Suricata",1
45.95.147.58,"Suricata",1
101.200.153.157,"Suricata",2
178.62.108.111,"Suricata Honeytrap",6
200.216.37.68,"Suricata",3
104.140.188.30,"Suricata Honeytrap",4
193.189.100.197,"Suricata Heralding",4
91.241.19.245,"Suricata Honeytrap",22
92.118.161.25,"Suricata Honeytrap",5
71.6.199.23,"Suricata Honeytrap",2
151.80.79.188,"Suricata",3
74.82.47.26,"Suricata",1
141.98.10.223,"Suricata Tanner Dionaea",6
192.35.168.128,"Suricata Rdpy",5
200.111.220.24,"Suricata",1
114.55.225.54,"Suricata",1
104.244.74.211,"Suricata Heralding",2
34.96.130.20,"Suricata Cowrie",3
192.241.196.229,"Suricata Honeytrap",4
119.129.115.92,"Suricata",2
192.160.102.165,"Suricata Heralding",2
185.220.101.129,"Suricata Heralding",6
192.42.116.23,"Suricata Heralding",2
185.104.120.20,"Suricata Heralding",2
60.191.125.35,"Suricata",2
62.171.137.169,"Suricata Heralding",2
195.176.3.19,"Suricata Heralding",4
104.140.188.58,"Suricata Honeytrap",3
209.141.47.238,"Suricata Honeytrap",2
117.5.152.70,"Suricata",1
86.127.245.208,"Suricata Dionaea",3
45.55.65.92,"Suricata Honeytrap",3
162.142.125.121,"Suricata Honeytrap",10
117.111.23.201,"Suricata Cowrie ssh-rsa",29
114.55.225.3,"Suricata",1
107.23.247.6,"Suricata",1
60.205.221.184,"Suricata Honeytrap",16
92.118.161.17,"Suricata Honeytrap",4
178.32.197.89,"Suricata",1
170.130.187.58,"Suricata Honeytrap",4
134.209.81.185,"Suricata Cowrie",691
185.220.102.240,"Suricata Heralding",2
45.146.164.145,"Suricata",2
190.79.229.245,"Suricata Dionaea",38
34.96.130.25,"Suricata Dionaea",2
138.185.127.129,"Suricata Tanner",2
74.201.28.81,"Suricata Cowrie",5
118.190.112.57,"Suricata",1
198.144.120.234,"Suricata Heralding",8
185.100.87.41,"Suricata Heralding",2
185.220.102.245,"Suricata Heralding",4
179.43.160.236,"Suricata Heralding",2
173.0.59.58,"Suricata",2
192.160.102.170,"Suricata Heralding",2
185.220.102.247,"Suricata Heralding",4
46.174.191.32,"Suricata Honeytrap",4
47.93.89.15,"Suricata Honeytrap",3
165.227.112.209,"Suricata Cowrie",7
46.101.23.51,"Suricata Cowrie",7
92.118.160.45,"Suricata Honeytrap",5
185.173.35.57,"Suricata Honeytrap",2
178.175.28.117,"Suricata",1
192.160.102.169,"Suricata Heralding",4
199.195.251.84,"Suricata Heralding",2
71.6.146.186,"Suricata Dionaea",4
45.129.136.21,"Suricata Honeytrap",73
71.6.135.131,"Suricata Honeytrap",13
209.141.55.26,"Suricata",13
37.228.129.5,"Suricata",22
178.32.197.92,"Suricata",1
51.159.80.46,"Suricata",3
198.54.131.58,"Suricata",10
91.132.58.46,"Suricata",9
178.162.212.214,"Suricata Dionaea",4
50.80.85.244,"Suricata Cowrie",5
93.186.215.56,"Suricata Rdpy",6
84.255.249.179,"Suricata Cowrie",688
123.56.182.152,"Suricata Honeytrap",4
162.62.17.4,"Suricata Honeytrap",2
193.106.31.2,"Suricata Heralding",4
199.19.224.147,"Suricata Cowrie",39
185.173.35.9,"Suricata Honeytrap",3
101.37.82.172,"Suricata",2
120.151.248.134,"Suricata Dionaea",2
193.46.255.146,"Suricata",2
82.221.131.5,"Suricata Heralding",2
92.118.160.33,"Suricata",1
92.118.161.1,"Suricata Honeytrap",2
204.8.156.142,"Suricata Heralding",2
173.244.209.5,"Suricata Cowrie",7
222.186.160.4,"Suricata Honeytrap",4
209.145.53.126,"Suricata Cowrie",7
220.135.149.150,"Suricata Dionaea",2
193.107.216.210,"Suricata",1
120.78.173.68,"Suricata Honeytrap",5
45.32.42.144,"Suricata Honeytrap",11
5.253.84.180,"Suricata",1
192.241.205.104,"Suricata",2
143.110.180.68,"Suricata Cowrie",7
120.27.236.148,"Suricata Honeytrap",3
64.62.197.92,"Suricata Honeytrap",2
128.14.141.42,"Suricata Honeytrap",11
185.220.101.194,"Suricata Honeytrap Heralding Cowrie",14
212.47.244.68,"Suricata Honeytrap",8
164.52.24.175,"Suricata Honeytrap",9
91.239.232.70,"Suricata Dionaea",11
39.103.156.51,"Suricata Honeytrap",3
193.57.40.68,"Suricata",9
149.129.237.83,"Suricata Cowrie",685
216.218.206.68,"Suricata Honeytrap Dionaea",12
195.176.3.20,"Suricata Heralding",2
185.170.114.25,"Suricata Heralding",4
8.133.179.231,"Suricata Honeytrap",7
139.196.45.73,"Suricata Honeytrap",3
184.105.139.98,"Suricata",1
193.176.85.10,"Suricata Cowrie",7
91.132.58.53,"Suricata",3
178.32.197.90,"Suricata Honeytrap",2
178.32.197.80,"Suricata Dionaea",2
104.131.20.154,"Suricata Dionaea",3
54.86.22.175,"Suricata",1
60.205.212.94,"Suricata Honeytrap",3
185.220.101.211,"Suricata Heralding",2
98.181.248.93,"Suricata Tanner",349
194.165.16.10,"Suricata Heralding",6195
54.39.235.200,"Suricata Cowrie",692
20.84.56.71,"Suricata Cowrie",694
185.100.87.202,"Suricata Heralding",5
36.91.119.221,"Suricata Cowrie",420
191.232.208.253,"Suricata",2
40.118.206.81,"Suricata Cowrie",704
207.244.233.167,"Suricata",3
14.116.160.173,"Suricata Cowrie",245
182.254.223.253,"Suricata Cowrie",744
185.180.143.16,"Suricata",2
191.31.27.117,"Suricata Cowrie",273
1.55.62.27,"Suricata Dionaea",1332
209.141.49.133,"Suricata Cowrie",5
177.162.63.47,"Suricata Cowrie",37
190.199.195.8,"Suricata Dionaea",38
193.118.53.138,"Suricata",1
117.50.110.5,"Suricata",10
102.177.198.10,"Suricata Dionaea",32986
109.160.81.3,"Suricata Dionaea",9396
170.130.187.2,"Suricata Honeytrap Ciscoasa",7
219.167.95.67,"Suricata Cowrie",30
125.165.176.130,"Suricata Rdpy",4
94.232.47.180,"Suricata Honeytrap Rdpy",9
178.32.197.86,"Suricata CitrixHoneypot",2
159.89.183.125,"Suricata Cowrie",342
157.245.97.30,"Suricata Cowrie",692
49.255.93.10,"Suricata Cowrie",690
94.20.68.114,"Suricata Honeytrap",8
162.62.26.228,"Suricata Honeytrap",2
120.92.71.201,"Suricata Honeytrap",6
60.13.251.214,"Suricata Cowrie",412
205.185.122.155,"Suricata",1
89.248.165.171,"Suricata Rdpy",4
106.245.140.119,"Suricata Rdpy",5
128.199.213.194,"Suricata Cowrie",732
124.156.241.52,"Suricata",1
92.118.161.5,"Suricata",3
36.68.144.198,"Suricata Dionaea",83
61.164.160.130,"Suricata",1
113.89.10.130,"Suricata Rdpy",3
135.125.241.91,"Suricata",8
128.199.149.111,"Suricata Cowrie",734
1.179.137.10,"Suricata Cowrie",466
31.0.219.60,"Suricata Cowrie",6
178.175.73.174,"Suricata",1
23.148.145.235,"Suricata",2
185.204.1.186,"Suricata Honeytrap",13
188.213.212.43,"Suricata",2
64.227.97.248,"Suricata Honeytrap",6
14.178.39.137,"Suricata Honeytrap Cowrie",46
185.173.35.21,"Suricata Honeytrap",9
106.55.28.236,"Suricata Cowrie",17
91.241.19.151,"Suricata Honeytrap",84
94.232.43.161,"Suricata",1
94.142.244.16,"Suricata Heralding",3
210.5.104.40,"Suricata Dionaea",16195
184.82.227.136,"Suricata Dionaea",15
178.154.224.169,"Suricata Cowrie",692
42.200.155.72,"Suricata Cowrie",725
159.89.29.36,"Suricata Honeytrap",30
103.210.22.124,"Suricata Cowrie",694
75.141.44.73,"Suricata Cowrie",692
150.158.162.39,"Suricata Cowrie",704
36.27.214.242,"Suricata",2
117.50.100.123,"Suricata Cowrie",388
203.151.39.4,"Suricata Cowrie",754
210.74.11.97,"Suricata Cowrie",779
191.233.71.182,"Suricata Cowrie",503
184.105.247.254,"Suricata Honeytrap Tanner",9
46.161.6.132,"Suricata Cowrie",690
184.105.247.252,"Suricata Honeytrap Rdpy Dionaea Honeypy",9
103.36.124.2,"Suricata Honeytrap",2
106.12.33.158,"Suricata Cowrie",761
118.27.36.188,"Suricata Cowrie",692
152.32.146.21,"Suricata Cowrie",708
65.49.20.67,"Suricata Honeytrap Tanner",7
139.59.244.237,"Suricata Cowrie",756
123.127.237.41,"Suricata Cowrie",689
222.139.245.70,"Suricata Cowrie",672
134.17.210.26,"Suricata Dionaea",33097
14.178.237.130,"Suricata",108
106.15.190.91,"Suricata Honeytrap",12
172.104.113.6,"Suricata",1
91.241.19.94,"Suricata Honeytrap",61
103.44.242.22,"Suricata Cowrie",117
185.220.101.213,"Suricata Honeytrap Heralding",3
123.57.250.104,"Suricata Honeytrap",8
104.140.188.18,"Suricata Dionaea",6
127.179.177.10,"Suricata",1
193.56.255.144,"Suricata Tanner",7
185.180.143.12,"Suricata Honeytrap",9
184.105.247.194,"Suricata Honeytrap Rdpy",13
18.222.249.28,"Suricata",141
49.7.234.50,"Suricata",1
34.93.145.43,"Suricata Cowrie",57
47.97.36.15,"Suricata Honeytrap",6
192.53.170.163,"Suricata",2
70.174.245.111,"Suricata Cowrie",5
60.173.17.134,"Suricata Honeytrap",2
120.79.194.199,"Suricata Honeytrap",3
13.232.65.75,"Suricata",3
132.232.75.211,"Suricata Cowrie",25
104.168.218.192,"Suricata Mailoney",7
104.244.73.126,"Suricata Heralding",4
139.196.240.216,"Suricata",2
188.165.222.21,"Suricata CitrixHoneypot Tanner",8
162.247.74.213,"Suricata Heralding",4
151.237.185.134,"Suricata Heralding",2
192.241.94.0,"Suricata",1
162.247.74.216,"Suricata Heralding",4
161.35.105.39,"Suricata Honeytrap",3
194.163.134.189,"Suricata",4
142.93.127.22,"Suricata Honeytrap",7
82.156.190.37,"Suricata Cowrie",193
125.47.218.197,"Suricata Honeytrap",18
106.75.22.49,"Suricata Honeytrap",13
106.52.69.167,"Suricata Cowrie",58
185.220.101.218,"Suricata Heralding",5
152.67.58.141,"Suricata Cowrie",7
192.241.195.114,"Suricata CitrixHoneypot",3
178.128.242.233,"Suricata Cowrie",692
222.140.183.95,"Suricata",1
116.12.50.133,"Suricata Cowrie",7
104.244.72.36,"Suricata Cowrie",7
85.105.73.16,"Suricata Dionaea",8
182.69.118.152,"Suricata Dionaea",15
109.94.120.247,"Suricata Honeytrap",2
89.40.73.40,"Suricata",3
46.101.0.38,"Suricata Cowrie",693
157.230.185.51,"Suricata",3
185.173.35.25,"Suricata Honeytrap",5
47.102.154.125,"Suricata Honeytrap",6
103.235.66.238,"Suricata Honeytrap",2
185.220.101.143,"Suricata Heralding",2
109.65.56.233,"Suricata Honeytrap",3
92.118.160.49,"Suricata Honeytrap",5
66.175.208.88,"Suricata CitrixHoneypot",2
39.105.29.160,"Suricata Honeytrap",3
199.19.224.153,"Suricata Tanner",5
74.82.47.58,"Suricata",1
68.183.157.214,"Suricata Honeytrap",7
115.133.170.55,"Suricata Cowrie",688
202.85.223.74,"Suricata Honeytrap",16
103.203.57.10,"Suricata Tanner",2
78.189.25.224,"Suricata Cowrie",666
68.183.105.98,"Suricata",6
157.90.133.188,"Suricata",9
209.97.138.179,"Suricata Cowrie",688
45.79.189.15,"Suricata",6
161.35.103.43,"Suricata Cowrie",692
190.121.5.210,"Suricata Cowrie",542
104.206.128.70,"Suricata Honeytrap",2
64.227.14.214,"Suricata Honeytrap",6
68.183.135.222,"Suricata Cowrie",692
134.209.89.71,"Suricata Dionaea",2
203.172.76.4,"Suricata Cowrie",704
121.196.207.134,"Suricata Honeytrap",6
171.239.129.57,"Suricata",3
112.9.94.43,"Suricata",4
47.103.200.81,"Suricata Honeytrap",6
128.199.158.182,"Suricata Cowrie",704
141.98.9.42,"Suricata",16
220.161.77.42,"Suricata Dionaea",3
114.79.147.40,"Suricata Honeytrap Cowrie",22
139.196.243.157,"Suricata Honeytrap",4
190.109.236.51,"Suricata",5
191.31.27.177,"Suricata Cowrie",240
59.42.89.183,"Suricata",1
159.65.125.169,"Suricata Cowrie",693
45.146.165.113,"Suricata Honeytrap",52
54.92.163.167,"Suricata",1
31.210.21.55,"Suricata Heralding",3954
167.99.110.81,"Suricata",6
185.173.35.53,"Suricata Honeytrap",2
139.177.199.241,"Suricata",5
124.156.55.181,"Suricata Honeytrap",3
143.110.226.169,"Suricata",3
78.61.197.63,"Suricata",9
91.241.19.98,"Suricata Honeytrap",20
118.31.62.71,"Suricata Honeytrap",3
68.183.133.198,"Suricata Honeytrap",2
178.17.174.10,"Suricata Heralding",2
41.77.128.98,"Suricata Tanner",2
77.77.77.19,"Suricata",1
91.132.58.37,"Suricata",4
120.131.6.185,"Suricata Honeytrap",6
51.222.140.88,"Suricata",11
128.14.209.250,"Suricata Honeytrap",9
185.220.103.8,"Suricata Heralding",2
23.154.177.67,"Suricata Heralding",2
115.78.96.99,"Suricata Cowrie",7
37.187.96.183,"Suricata Heralding",2
216.218.206.66,"Suricata Honeytrap",6
64.62.197.182,"Suricata Honeytrap",4
192.241.208.176,"Suricata CitrixHoneypot",2
179.43.166.179,"Suricata",1
8.27.118.34,"Suricata Dionaea",3
104.153.109.143,"Suricata",4
189.9.25.67,"Suricata Dionaea Honeytrap",5
62.210.37.82,"Suricata Cowrie",7
139.162.215.70,"Suricata Tanner",4
37.120.155.34,"Suricata Honeytrap",7
194.62.6.194,"Suricata",2
195.154.56.235,"Suricata Heralding Cowrie",15
195.176.3.23,"Suricata Heralding",2
200.66.77.178,"Suricata Cowrie",7
181.94.226.212,"Suricata Cowrie",7
20.101.121.194,"Suricata Dionaea",3
106.14.214.199,"Suricata Honeytrap",3
188.166.244.164,"Suricata Honeytrap",3
183.17.229.112,"Suricata Dionaea",3
27.115.124.9,"Suricata Honeytrap",3
185.220.101.216,"Suricata Heralding",2
185.213.155.169,"Suricata Heralding",6
51.158.78.179,"Suricata",1
185.88.181.4,"Suricata",1
154.94.5.44,"Suricata Rdpy",3
186.33.77.38,"Suricata Honeytrap",2
167.172.42.255,"Suricata Honeytrap",2
172.105.73.207,"Suricata Honeytrap",2
213.222.162.241,"Suricata Honeytrap",2
193.218.118.183,"Suricata Heralding",2
103.91.77.230,"Suricata Honeytrap",2
167.248.133.21,"Suricata",1
167.86.94.107,"Suricata Heralding",2
81.218.156.164,"Suricata Dionaea",2
185.100.87.240,"Suricata Heralding",6
159.65.247.179,"Suricata Honeytrap",4
212.80.218.205,"Suricata Heralding",4
54.36.239.252,"Suricata",4
92.250.53.194,"Suricata",1
39.105.213.229,"Suricata Honeytrap",6
42.98.244.17,"Suricata Cowrie",5
85.214.27.117,"Suricata",1
193.34.69.224,"Suricata",10
163.172.161.118,"Suricata Honeytrap",8
152.228.216.136,"Suricata",20
103.87.26.71,"Suricata Dionaea",14
182.92.121.87,"Suricata Honeytrap",5
91.241.19.114,"Suricata Honeytrap",34
170.106.37.143,"Suricata Honeytrap",2
45.79.204.46,"Suricata CitrixHoneypot",2
172.105.218.213,"Suricata Dionaea",5
193.118.53.202,"Suricata Honeytrap",5
185.118.26.133,"Suricata",1
168.119.38.160,"Suricata",18
110.74.146.135,"Suricata Dionaea",7
192.53.120.153,"Suricata Tanner",8
74.74.74.73,"Suricata",3
138.68.61.207,"Suricata Honeytrap",7
157.245.65.165,"Suricata",6
212.102.57.207,"Suricata",6
138.197.122.201,"Suricata Honeytrap",5
91.241.19.186,"Suricata Honeytrap",21
157.230.128.135,"Suricata Cowrie",691
23.95.4.194,"Suricata",1
110.45.155.8,"Suricata Honeytrap Dionaea",5
185.173.35.33,"Suricata Honeytrap",6
209.141.43.13,"Suricata",1
119.161.98.134,"Suricata Honeytrap",2
89.248.165.24,"Suricata Honeytrap",5
111.92.81.246,"Suricata Honeytrap",2
120.26.116.84,"Suricata",2
178.141.192.3,"Suricata Honeytrap",2
194.165.16.105,"Suricata Cowrie",13
194.165.16.89,"Suricata Cowrie",7
161.35.131.160,"Suricata Honeytrap",3
194.165.16.108,"Suricata Cowrie",13
211.57.194.107,"Suricata Dionaea",2
122.14.200.208,"Suricata Dionaea",111
205.185.116.3,"Suricata",1
183.30.201.74,"Suricata Dionaea",3
109.70.100.47,"Suricata Honeytrap",2
141.98.9.20,"Suricata Honeytrap",15
185.220.101.207,"Suricata Heralding",4
104.217.250.230,"Suricata",4
51.91.145.73,"Suricata Honeytrap",7
58.233.240.94,"Suricata Cowrie",748
177.1.213.19,"Suricata Cowrie",563
106.75.230.60,"Suricata Cowrie",670
34.116.141.186,"Suricata",4
197.211.209.124,"Suricata",1
121.67.246.152,"Suricata Cowrie",581
92.118.161.57,"Suricata Honeytrap",2
1.10.182.185,"Suricata Cowrie Honeytrap",49
31.184.215.76,"Suricata Honeytrap",42
121.20.27.214,"Suricata",3
196.15.211.92,"Suricata Cowrie",682
107.170.131.23,"Suricata Cowrie",750
192.241.207.83,"Suricata Honeytrap",5
193.142.146.216,"Suricata Honeytrap",12
113.215.181.81,"Suricata Cowrie",611
5.9.242.173,"Suricata",7
206.189.124.254,"Suricata Cowrie",669
117.50.60.193,"Suricata Honeytrap",6
119.29.18.15,"Suricata Honeytrap",2
103.52.217.157,"Suricata",1
185.101.35.79,"Suricata Heralding",2
201.144.235.49,"Suricata Dionaea",3
45.9.13.235,"Suricata Heralding",2
45.142.114.55,"Suricata",3
138.68.185.19,"Suricata Honeytrap",2
64.62.197.62,"Suricata Honeytrap",3
185.220.101.209,"Suricata Heralding",3
211.36.145.99,"Suricata Cowrie",3
135.148.41.39,"Suricata",4
39.97.180.31,"Suricata Honeytrap",3
186.33.107.66,"Suricata Honeytrap",2
193.189.100.204,"Suricata Heralding",4
118.193.31.182,"Suricata",5
51.79.73.37,"Suricata Cowrie",690
192.241.206.17,"Suricata Honeytrap",4
119.23.214.55,"Suricata Honeytrap",3
125.134.30.51,"Suricata Adbhoney",3
138.68.185.214,"Suricata",17
194.165.16.109,"Suricata Cowrie",7
194.165.16.107,"Suricata Cowrie",13
194.165.16.106,"Suricata Cowrie",13
112.172.215.196,"Suricata",1
185.118.26.220,"Suricata",1
120.198.64.4,"Suricata Honeytrap",2
20.86.121.201,"Suricata",3
176.10.104.240,"Suricata Heralding",2
144.168.164.26,"Suricata Heralding",2
160.176.229.248,"Suricata Honeytrap Cowrie",46
121.41.34.3,"Suricata Dionaea",7
188.124.37.64,"Suricata Honeytrap",39
139.162.231.247,"Suricata CitrixHoneypot",2
195.176.3.24,"Suricata Heralding",3
193.169.254.231,"Suricata Honeytrap",3
188.130.138.84,"Suricata",1
192.241.205.31,"Suricata",1
91.132.58.49,"Suricata",1
23.81.209.249,"Suricata",5
167.248.133.20,"Suricata",1
39.108.113.51,"Suricata",2
39.73.23.198,"Suricata Dionaea",3
185.44.81.9,"Suricata",10
42.193.214.71,"Suricata Honeytrap",3
116.132.42.140,"Suricata Honeytrap",11
167.99.110.39,"Suricata Honeytrap",47
172.104.182.11,"Suricata Honeytrap",47
194.61.25.4,"Suricata Honeytrap Adbhoney",43
45.146.167.29,"Suricata Honeytrap Rdpy",43
67.218.250.7,"Suricata",7
5.142.251.63,"Suricata Dionaea",9427
27.128.224.39,"Suricata Honeytrap",3
117.30.116.44,"Suricata",4
51.222.158.163,"Suricata",14
5.188.62.223,"Suricata Cowrie",588
43.129.31.54,"Suricata Cowrie",684
147.139.168.106,"Suricata Cowrie",676
201.17.144.101,"Suricata Dionaea Honeytrap",5
144.217.207.110,"Suricata Honeytrap",3
121.41.178.150,"Suricata Honeytrap",6
192.42.116.27,"Suricata Heralding",2
120.12.146.138,"Suricata Honeytrap",5
78.180.149.171,"Suricata Dionaea",9377
74.91.125.200,"Suricata",2
124.60.73.157,"Suricata",2
71.6.165.200,"Suricata",2
192.185.16.75,"Suricata",4
36.84.144.8,"Suricata Tanner",2
46.105.132.53,"Suricata",2
178.175.41.104,"Suricata",2
106.13.23.115,"Suricata Honeytrap",6
39.98.132.133,"Suricata Honeytrap",8
1.10.180.12,"Suricata Honeytrap",4
128.14.134.134,"Suricata Ciscoasa Honeytrap",5
170.130.187.18,"Suricata Honeytrap",2
213.94.56.11,"Suricata Dionaea",2
103.52.217.136,"Suricata Honeytrap",2
186.33.110.193,"Suricata Tanner",2
186.159.6.114,"Suricata Honeytrap",2
175.47.247.161,"Suricata",2
104.26.2.82,"Suricata",6
178.32.197.93,"Suricata Honeytrap",2
104.244.77.95,"Suricata Heralding",2
89.39.83.123,"Suricata Honeytrap",4
194.31.168.32,"Suricata",1
198.251.83.193,"Suricata Heralding",2
43.239.190.85,"Suricata Dionaea",15
45.93.201.46,"Suricata Honeytrap Adbhoney",68
190.150.135.172,"Suricata Dionaea",7
83.143.52.75,"Suricata Cowrie",7
181.199.159.74,"Suricata Dionaea",8035
104.140.188.22,"Suricata",1
170.130.187.14,"Suricata Honeytrap",5
134.122.124.193,"Suricata Cowrie",302
193.46.255.111,"Suricata",3
91.241.19.154,"Suricata Honeytrap",14
62.210.123.62,"Suricata CitrixHoneypot",2
89.252.140.21,"Suricata Cowrie",372
148.63.215.173,"Suricata Cowrie",400
51.195.69.199,"Suricata",1
81.29.143.157,"Suricata Honeytrap Dionaea Tanner",45
61.7.214.154,"Suricata",4
37.34.244.83,"Suricata",3
113.172.194.47,"Suricata Cowrie Honeytrap",38
45.63.119.36,"Suricata",1
178.62.2.24,"Suricata Cowrie",324
173.249.5.201,"Suricata",3
91.203.144.194,"Suricata Heralding",2
73.20.166.62,"Suricata Dionaea",2
125.44.30.1,"Suricata Tanner",3
113.204.183.191,"Suricata",1
87.251.70.129,"Suricata Honeytrap",11
198.98.51.151,"Suricata Heralding",2
92.38.45.253,"Suricata Tanner",2
45.55.32.34,"Suricata",1
68.119.102.16,"Suricata Cowrie",5
149.129.191.88,"Suricata Cowrie",174
64.62.197.32,"Suricata Honeytrap Dionaea",7
46.174.191.29,"Suricata Honeytrap",3
51.81.49.47,"Suricata",7
46.19.141.86,"Suricata Heralding",4
179.61.251.249,"Suricata",6
156.214.72.52,"Suricata",1
192.241.204.222,"Suricata Honeytrap",5
37.49.230.46,"Suricata",3
211.141.200.175,"Suricata Dionaea",3
172.105.226.115,"Suricata",20
193.107.216.49,"Suricata Honeytrap",7
149.56.44.47,"Suricata Cowrie",7
178.175.5.170,"Suricata",3
159.75.108.99,"Suricata Honeytrap",6
47.114.78.221,"Suricata Honeytrap",12
172.105.89.161,"Suricata Tanner Honeytrap",10
35.174.16.109,"Suricata Honeytrap",8
77.247.110.236,"Suricata Mailoney",8
185.220.101.134,"Suricata Heralding",2
209.222.97.203,"Suricata",1
192.241.208.47,"Suricata Honeytrap",3
162.247.74.7,"Suricata Heralding",3
192.241.202.118,"Suricata Honeytrap",5
78.170.2.255,"Suricata Cowrie",30
14.247.163.147,"Suricata Cowrie Honeytrap",52
128.31.0.13,"Suricata Honeytrap Heralding",3
185.12.45.115,"Suricata Heralding",2
51.81.160.187,"Suricata Heralding",2
204.85.191.9,"Suricata Heralding",4
45.33.103.57,"Suricata CitrixHoneypot",2
140.249.205.244,"Suricata Cowrie",7
198.144.120.177,"Suricata Heralding",2
80.82.77.192,"Suricata Tanner",4
178.32.197.87,"Suricata Honeytrap",2
189.126.64.111,"Suricata Honeytrap",2
59.125.131.111,"Suricata Dionaea",7
223.88.73.16,"Suricata",3
61.191.61.136,"Suricata Cowrie",7
18.232.68.217,"Suricata",1
128.14.209.178,"Suricata Ciscoasa",8
221.181.210.130,"Suricata Dionaea Honeytrap",24
164.132.113.220,"Suricata Honeytrap",2
45.155.126.3,"Suricata",1
220.117.141.40,"Suricata",2
103.100.115.92,"Suricata Cowrie",7
162.247.74.27,"Suricata Heralding",2
103.235.210.115,"Suricata",1
150.109.231.21,"Suricata",1
178.165.72.177,"Suricata Heralding",4
79.124.62.246,"Suricata Dionaea",2
104.244.79.172,"Suricata Heralding",2
45.229.54.175,"Suricata Honeytrap",4
163.172.168.251,"Suricata Honeytrap",4
176.65.35.214,"Suricata Honeytrap",2
198.144.121.93,"Suricata Heralding",2
114.143.207.142,"Suricata Rdpy",6
193.46.254.155,"Suricata Honeytrap",5
176.65.23.108,"Suricata",6
46.214.100.195,"Suricata Honeytrap",5
118.27.113.79,"Suricata Cowrie",176
192.53.170.243,"Suricata CitrixHoneypot",2
185.12.45.117,"Suricata Heralding",2
161.35.108.241,"Suricata Cowrie",7
43.128.55.35,"Suricata Honeytrap",8
139.99.55.122,"Suricata",1
47.92.38.51,"Suricata Dionaea",683
91.205.128.170,"Suricata Cowrie",151
193.169.255.243,"Suricata Honeytrap",17
134.122.22.118,"Suricata Honeytrap",2
49.51.10.24,"Suricata Honeytrap",2
45.83.64.1,"Suricata",2
34.86.35.32,"Suricata Rdpy",16
178.175.32.192,"Suricata Honeytrap",3
46.103.195.76,"Suricata",2
94.197.22.162,"Suricata Cowrie",5
72.167.47.69,"Suricata Heralding",2
85.159.237.210,"Suricata Heralding",2
71.81.64.33,"Suricata Cowrie",5
103.89.91.156,"Suricata Rdpy",4
34.77.162.8,"Suricata",2
45.35.130.62,"Suricata Cowrie",12
13.248.242.230,"Suricata",1
18.232.141.19,"Suricata",1
103.40.255.29,"Suricata Honeytrap",3
78.108.177.54,"Suricata Honeytrap",5
64.32.112.2,"Suricata Dionaea",102
186.33.127.158,"Suricata",1
195.201.229.133,"Suricata",16
34.96.130.6,"Suricata Rdpy",15
124.123.238.250,"Suricata",1
91.205.173.252,"Suricata Cowrie",19
170.106.81.211,"Suricata Honeytrap",2
192.241.207.201,"Suricata Honeytrap",3
111.164.191.193,"Suricata Dionaea",3
106.75.237.20,"Suricata Honeytrap",3
192.160.102.164,"Suricata Heralding",2
92.233.171.64,"Suricata Honeytrap",3
185.100.87.241,"Suricata Heralding",3
104.244.73.193,"Suricata Heralding",2
178.79.169.103,"Suricata Tanner",5
185.100.86.182,"Suricata",2
119.246.55.123,"Suricata",1
23.239.2.153,"Suricata",6
85.215.228.215,"Suricata Rdpy",8
89.252.176.58,"Suricata Cowrie",11
116.62.148.170,"Suricata Honeytrap",6
34.95.113.255,"Suricata",4
62.102.148.69,"Suricata Heralding",2
59.97.175.81,"Suricata Honeytrap",4
203.170.137.93,"Suricata",1
192.241.206.189,"Suricata Honeytrap",3
52.141.63.69,"Suricata",2
58.176.215.62,"Suricata",1
195.254.135.76,"Suricata Heralding",2
92.118.160.1,"Suricata Honeytrap",3
139.162.179.49,"Suricata",6
39.109.117.193,"Suricata Cowrie",139
120.234.227.172,"Suricata Honeytrap",2
192.241.213.46,"Suricata Honeytrap",6
65.49.20.69,"Suricata Honeytrap",2
192.241.208.138,"Suricata Honeytrap",2
139.59.236.157,"Suricata Honeytrap",4
139.99.8.17,"Suricata",1
106.75.191.155,"Suricata",2
77.247.110.33,"Suricata Mailoney",8
193.118.53.210,"Suricata Tanner",3
106.15.126.214,"Suricata",1
47.98.160.64,"Suricata",2
129.146.28.152,"Suricata",1
204.85.191.8,"Suricata Heralding",2
34.96.130.28,"Suricata",1
34.77.162.14,"Suricata Dionaea",2
92.118.161.29,"Suricata Dionaea Honeytrap",4
124.225.45.46,"Suricata Honeytrap",3
192.241.207.134,"Suricata",2
92.118.160.25,"Suricata Honeytrap",4
167.248.133.16,"Suricata",1
212.83.141.104,"Suricata",1
185.202.1.14,"Suricata Honeytrap",36
38.143.137.44,"Suricata",7
103.216.186.195,"Suricata",1
89.187.143.31,"Suricata Heralding",2
162.247.74.202,"Suricata Heralding",2
34.96.130.26,"Suricata",1
175.139.40.49,"Suricata Cowrie",100
190.207.192.185,"Suricata Dionaea",103
39.106.81.183,"Suricata",2
34.86.35.31,"Suricata Cowrie",3
198.98.57.207,"Suricata Heralding",2
34.96.130.9,"Suricata Dionaea",2
178.20.55.16,"Suricata Heralding",2
193.189.100.195,"Suricata Heralding",2
104.140.188.26,"Suricata Honeytrap",2
159.203.165.156,"Suricata Honeytrap",3
34.122.23.55,"Suricata CitrixHoneypot",2
92.42.45.203,"Suricata",1
178.32.197.91,"Suricata Honeytrap",2
134.209.69.207,"Suricata Cowrie",7
192.144.238.254,"Suricata Cowrie",5
103.130.112.133,"Suricata Cowrie",7
124.156.245.155,"Suricata Honeytrap",2
45.113.70.144,"Suricata Honeytrap",2
89.248.168.112,"Honeytrap",7
165.22.12.177,"Honeytrap",1
34.86.35.12,"Honeytrap",1
112.124.9.95,"Honeytrap",1
34.86.35.2,"Honeytrap",1
68.183.24.170,"Honeytrap",4
106.58.215.95,"Honeytrap",1
104.248.147.44,"Honeytrap",3
47.119.132.206,"Honeytrap",1
138.68.97.6,"Honeytrap",3
71.6.232.8,"Honeytrap Dionaea",4
143.198.56.27,"Honeytrap",2
167.71.217.156,"Honeytrap",2
89.248.168.157,"Honeytrap",7
79.10.173.54,"Cowrie",2
1.15.75.141,"Honeytrap",1
104.168.98.105,"Cowrie",14
152.67.52.244,"Cowrie",2
162.243.166.183,"Honeytrap",128
27.5.18.201,"Cowrie",4
201.108.30.23,"Cowrie",2
89.41.65.120,"Honeytrap",1
78.24.101.122,"Adbhoney",2
157.230.189.215,"Honeytrap",4
192.241.212.246,"Honeytrap",1
79.106.3.235,"Cowrie",2
92.49.149.224,"Adbhoney",2
43.128.14.95,"Honeytrap",11
223.16.10.67,"Adbhoney",2
119.29.181.176,"Honeytrap",1
112.28.14.229,"Honeytrap",54
190.2.131.205,"Honeytrap",17
68.183.187.79,"Honeytrap",3
134.209.18.160,"Honeytrap",4
45.83.64.207,"Honeytrap",1
89.248.168.176,"Honeytrap",5
157.175.54.202,"Rdpy",5
142.93.224.117,"Honeytrap",4
144.217.50.220,"Honeytrap",3
192.241.213.20,"Honeytrap",1
139.196.12.141,"Honeytrap",2
104.131.20.171,"Honeytrap",2
112.169.242.82,"Adbhoney",2
68.183.176.140,"Honeytrap",2
153.135.40.156,"Honeytrap",1
192.241.196.133,"Honeytrap",1
200.38.248.137,"Cowrie",2
179.43.167.228,"Honeytrap",8
178.137.9.56,"Adbhoney",2
175.212.84.103,"Adbhoney",2
118.24.150.71,"Honeytrap",1
162.62.17.83,"Honeytrap",1
217.19.215.214,"Adbhoney",2
157.245.240.172,"Honeytrap",3
42.233.151.33,"Cowrie",30
58.58.251.250,"Honeytrap",2
220.129.207.78,"Adbhoney",2
125.252.82.209,"Dionaea",2
46.105.132.57,"Dionaea",2
42.224.146.26,"Honeypy",60
188.166.245.29,"Honeytrap",3
189.236.12.85,"Dionaea",1
27.115.124.37,"Honeytrap",1
27.115.124.99,"Honeytrap",3
27.215.79.194,"Honeytrap",15
117.248.63.161,"Cowrie",30
112.86.14.168,"Cowrie",2
68.183.130.210,"Honeytrap",3
71.6.232.4,"Dionaea",2
104.206.128.22,"Honeytrap",2
221.179.41.72,"Honeytrap",1
14.164.46.146,"Cowrie",30
177.141.29.187,"Cowrie",2
206.189.139.223,"Honeytrap",3
159.65.127.252,"Honeytrap",1
193.169.253.25,"Honeytrap",5
183.230.248.88,"Adbhoney",2
119.186.204.220,"Cowrie",30
36.70.132.120,"Honeytrap",1
92.114.18.12,"Dionaea",2
198.211.116.121,"Honeytrap",2
103.114.129.27,"Honeytrap",11
121.42.179.235,"Dionaea",1
193.31.24.154,"Honeytrap",1
164.90.136.253,"Honeytrap",2
185.47.57.13,"Adbhoney",2
101.37.64.250,"Honeytrap",1
220.132.224.232,"Rdpy",21
182.61.36.169,"Honeytrap",1
39.99.249.14,"Honeytrap",1
92.242.207.18,"Honeytrap",1
139.198.176.37,"Honeytrap",1
79.100.60.168,"Adbhoney",2
125.1.155.53,"Honeytrap",1
193.122.107.184,"Honeytrap",1
178.175.18.244,"Honeytrap",15
190.218.235.181,"Adbhoney",2
202.129.206.226,"Honeytrap",1
159.65.228.224,"Honeytrap",4
159.203.186.30,"Honeytrap",1
81.227.25.217,"Adbhoney",2
66.240.205.34,"Honeytrap",4
152.70.235.122,"Honeytrap",1
209.141.50.153,"Cowrie",2
119.145.101.189,"Dionaea",2
60.4.190.246,"Cowrie",2
121.13.229.181,"Dionaea",1
161.35.127.76,"Honeytrap",2
125.47.111.117,"Cowrie",30
159.89.230.141,"Honeytrap",2
190.121.236.98,"Cowrie",2
191.96.168.178,"Rdpy",4
192.241.195.158,"Honeytrap",1
188.16.150.249,"Cowrie",4
192.241.209.53,"Honeytrap",1
167.99.73.231,"Honeytrap",1
61.18.38.163,"Adbhoney",2
115.63.44.57,"Cowrie",50
178.72.70.249,"Cowrie",30
47.93.88.140,"Honeytrap",1
185.173.35.61,"Honeytrap",2
186.101.248.75,"Adbhoney",2
47.92.224.15,"Honeytrap",2
61.141.221.107,"Honeytrap",1
120.211.63.120,"Adbhoney",2
192.241.209.11,"Honeytrap",1
113.90.28.44,"Cowrie",30
221.14.17.34,"Honeytrap",19
167.172.104.35,"Honeytrap",2
157.230.38.8,"Honeytrap",3
45.11.57.20,"Honeytrap",3
45.40.228.204,"Honeytrap",1
86.110.7.51,"Adbhoney",2
212.102.35.149,"Rdpy",4
195.78.54.100,"Rdpy",4
165.227.197.160,"Honeytrap",3
64.227.21.187,"Honeytrap",3
212.102.34.146,"Rdpy",8
125.142.180.240,"Adbhoney",2
161.189.219.219,"Honeytrap",1
118.195.181.95,"Honeytrap",1
121.40.225.199,"Cowrie",2
167.71.159.65,"Honeytrap",3
159.89.157.75,"Honeytrap",6
134.209.113.103,"Honeytrap",3
61.153.110.33,"Honeytrap",4
174.44.202.140,"Adbhoney",2
203.150.54.178,"Rdpy",2
45.83.67.217,"Honeytrap",1
118.219.97.53,"Dionaea",11
183.108.171.134,"Adbhoney",2
79.124.62.254,"Honeytrap Rdpy",46
31.156.70.42,"Cowrie",10
88.206.94.149,"Adbhoney",2
192.64.112.36,"Honeytrap Cowrie",16
112.118.109.223,"Adbhoney",2
192.241.211.249,"Honeytrap",1
47.105.200.29,"Honeytrap",1
8.141.64.248,"Honeytrap",1
39.103.203.246,"Honeytrap",1
222.235.220.206,"Rdpy",3
184.105.139.70,"Cowrie Honeytrap",4
50.227.175.124,"Rdpy",21
186.33.124.65,"Cowrie",28
182.116.54.165,"Cowrie",30
191.96.168.225,"Rdpy",4
178.128.29.254,"Dionaea Honeytrap",2
154.6.18.16,"Adbhoney",2
222.188.209.117,"Cowrie",2
223.100.22.69,"Dionaea",18
104.140.188.42,"Honeytrap",1
137.59.227.178,"Dionaea",1
220.76.21.116,"Honeytrap",1
103.147.184.193,"Mailoney",12
74.210.225.18,"Adbhoney",2
122.117.77.26,"Cowrie",2
23.148.145.53,"Honeytrap",102
116.222.97.177,"Honeytrap",1
95.32.158.95,"Rdpy",3
61.44.185.6,"Honeytrap",2
27.5.18.155,"Cowrie",30
200.188.19.32,"Dionaea",1
159.203.28.167,"Honeytrap",1
165.22.216.156,"Honeytrap",1
165.232.169.53,"Honeytrap",1
142.93.112.42,"Honeytrap",3
182.155.14.227,"Adbhoney",2
46.246.122.123,"Honeytrap Dionaea",8
62.171.174.32,"Cowrie",3
190.218.231.101,"Adbhoney",2
121.156.200.131,"Adbhoney",2
58.221.152.130,"Dionaea",2
168.119.115.160,"Honeytrap",1
104.236.42.124,"Honeytrap",1
34.96.130.4,"Honeytrap Dionaea",2
76.89.192.15,"Adbhoney",2
94.102.49.193,"Honeytrap",1
45.90.160.112,"Cowrie",2
45.90.162.111,"Cowrie",2
117.146.51.220,"Adbhoney",2
68.185.38.110,"Cowrie",3
182.239.184.169,"Cowrie",2
58.64.157.178,"Honeytrap",1
143.131.224.83,"Adbhoney",2
119.45.177.213,"Honeytrap",1
206.189.85.240,"Rdpy",9
45.168.116.98,"Rdpy",2
46.116.171.104,"Adbhoney",2
193.189.100.206,"Heralding",1
83.245.191.192,"Adbhoney",2
138.197.1.180,"Honeytrap",2
81.70.53.73,"Honeytrap",1
157.245.247.39,"Honeytrap",3
115.85.192.91,"Dionaea",2
93.118.123.136,"Cowrie",2
61.145.119.180,"Dionaea",2
182.72.73.203,"Honeytrap",11
74.68.134.165,"Cowrie",2
192.241.204.232,"Dionaea",1
159.89.158.252,"Honeytrap",1
104.131.42.148,"Honeytrap",3
89.248.174.193,"Honeytrap Dionaea",5
121.161.67.174,"Adbhoney",2
220.94.145.240,"Cowrie",2
181.214.206.218,"Rdpy",2
120.24.148.86,"Honeytrap",1
68.183.18.0,"Honeytrap",1
124.71.229.150,"Honeytrap",1
206.189.86.128,"Honeytrap",1
159.65.78.178,"Honeytrap",1
27.2.69.67,"Adbhoney",2
191.96.168.97,"Rdpy",2
221.161.87.149,"Adbhoney",2
123.56.182.130,"Honeytrap",1
159.65.221.27,"Honeytrap",3
121.164.242.105,"Adbhoney",2
134.209.41.196,"Honeytrap",3
113.161.220.193,"Honeytrap",1
121.43.196.39,"Honeytrap",1
159.75.22.181,"Honeytrap",2
14.41.90.184,"Adbhoney",2
103.45.139.115,"Dionaea",1
150.136.127.48,"Honeytrap",5
121.4.101.178,"Honeytrap",1
218.152.47.195,"Adbhoney",2
134.209.94.207,"Honeytrap",1
209.141.61.129,"Honeytrap",5
64.225.117.69,"Honeytrap",2
157.230.60.134,"Honeytrap",3
142.93.193.67,"Honeytrap",2
123.125.127.6,"Honeytrap",1
185.124.229.83,"Cowrie",2
182.79.16.206,"Dionaea",1
143.110.217.201,"Honeytrap",2
174.77.208.105,"Cowrie",2
104.248.67.35,"Honeytrap",4
5.25.98.205,"Cowrie",2
31.210.20.10,"Honeytrap",2
37.34.229.194,"Dionaea",13
103.235.230.105,"Honeytrap",1
157.230.213.107,"Honeytrap",3
208.96.75.206,"Adbhoney",2
176.141.227.211,"Adbhoney",2
1.36.52.105,"Adbhoney",2
34.96.130.12,"Honeytrap",1
123.5.146.79,"Cowrie",30
121.164.237.121,"Adbhoney",2
83.77.76.117,"Cowrie",2
219.241.170.97,"Adbhoney",2
206.189.137.89,"Honeytrap",3
192.241.202.97,"Honeytrap",1
103.246.247.183,"Dionaea",2
183.57.27.10,"Honeytrap",1
187.149.80.171,"Honeytrap",1
67.207.82.32,"Honeytrap",5
178.175.49.223,"Honeytrap",15
115.159.191.78,"Honeytrap",1
64.225.17.156,"Honeytrap",1
39.97.237.84,"Honeytrap",1
89.248.174.3,"Honeytrap",2
116.196.71.97,"Honeytrap",1
107.185.141.105,"Cowrie",2
152.136.19.111,"Honeytrap",1
217.31.190.154,"Adbhoney",2
178.151.234.197,"Adbhoney",2
42.113.229.14,"Cowrie",2
159.89.150.231,"Honeytrap",1
93.38.59.220,"Cowrie",2
192.241.207.138,"Honeytrap",1
185.236.68.174,"Adbhoney",2
92.118.160.5,"Honeytrap",2
106.12.130.115,"Honeytrap",1
190.6.125.253,"Cowrie Honeypy",67
108.61.193.55,"Rdpy",5
217.149.188.102,"Honeytrap",1
92.118.161.21,"Honeytrap",1
187.204.60.247,"Dionaea",11
112.199.139.136,"Adbhoney",2
192.241.211.247,"Honeytrap",2
39.155.255.94,"Rdpy",6
68.183.238.65,"Honeytrap",4
221.6.36.210,"Honeytrap",1
180.104.48.160,"Rdpy",2
42.243.156.180,"Dionaea",4
106.14.15.211,"Honeytrap",1
123.195.196.50,"Adbhoney",2
212.64.61.70,"Honeytrap",1
123.132.131.250,"Cowrie",8
217.150.79.121,"Dionaea Honeytrap",3
49.164.235.31,"Adbhoney",2
109.105.242.218,"Adbhoney",2
206.217.14.64,"Adbhoney",2
159.89.151.231,"Honeytrap",4
83.248.92.247,"Adbhoney",2
178.175.95.112,"Honeypy",124
52.130.199.63,"Cowrie",2
45.56.93.115,"Honeytrap",2
165.227.148.3,"Honeytrap",4
220.127.182.129,"Cowrie",2
36.154.71.179,"Adbhoney",2
87.251.75.145,"Rdpy",2
24.251.176.7,"Cowrie",2
119.179.214.74,"Cowrie",30
115.54.116.192,"Cowrie",30
190.57.143.91,"Rdpy",27
117.216.32.181,"Cowrie",18
121.194.2.250,"Honeytrap",1
94.232.41.147,"Dionaea Honeytrap",3
123.124.222.65,"Honeytrap",1
45.2.205.243,"Adbhoney",2
184.169.101.115,"Cowrie",28
164.90.232.236,"Honeytrap",3
218.57.8.92,"Dionaea",2
82.156.192.138,"Honeytrap",1
202.117.194.230,"Dionaea",2
34.229.15.187,"Honeytrap",1
116.86.29.172,"Adbhoney",2
95.6.60.152,"Cowrie",2
64.227.15.181,"Honeytrap",1
1.117.161.22,"Honeytrap",1
49.51.10.125,"Honeytrap",1
194.154.144.110,"Adbhoney",2
104.194.8.60,"Rdpy",4
146.115.24.36,"Adbhoney",2
221.124.56.111,"Adbhoney",2
218.200.5.178,"Dionaea",2
168.232.20.77,"Rdpy",2
84.53.198.80,"Cowrie",8
141.8.58.169,"Cowrie",4
124.156.62.201,"Honeytrap",1
176.107.199.189,"Adbhoney",2
14.198.104.7,"Adbhoney",38
220.90.156.112,"Adbhoney",2
148.229.3.242,"Honeytrap",9
110.67.66.73,"Honeytrap",1
192.241.205.158,"Honeytrap",2
128.199.204.10,"Honeytrap",3
45.229.54.227,"Cowrie",22
220.246.214.185,"Adbhoney",2
178.22.40.13,"Cowrie",10
192.99.6.37,"Rdpy",6
60.28.24.243,"Dionaea",1
142.93.106.231,"Honeytrap",1
146.115.104.205,"Adbhoney",2
64.227.127.93,"Honeytrap",1
113.170.164.97,"Cowrie",4
,"Dionaea",329
103.45.189.13,"Dionaea",1
158.69.244.11,"Honeytrap",1
183.82.122.148,"Honeytrap",11
111.14.210.252,"Honeytrap",1
27.5.29.85,"Cowrie",4
103.98.152.64,"Honeytrap",1
45.180.85.2,"Dionaea",11
157.230.46.26,"Honeytrap",1
186.92.24.249,"Adbhoney",2
175.140.172.233,"Rdpy",1
175.193.50.21,"Adbhoney",2
117.50.6.160,"Honeytrap",5
212.171.93.206,"Rdpy",3
172.105.3.131,"Honeytrap",1
78.150.185.112,"Cowrie",2
47.93.97.50,"Honeytrap",1
5.58.173.89,"Adbhoney",2
148.0.40.30,"Honeytrap",1
223.200.11.71,"Dionaea",12
128.199.94.113,"Honeytrap",2
195.206.107.147,"Honeytrap",5
192.241.206.198,"Honeytrap",1
47.96.119.121,"Honeytrap",2
89.248.165.194,"Rdpy",6
183.162.224.24,"Adbhoney",2
220.168.18.167,"Dionaea",2
45.229.54.121,"Cowrie",30
112.29.171.58,"Honeytrap",1
192.241.135.131,"Honeytrap",1
162.243.4.175,"Honeytrap",1
45.83.64.39,"Honeytrap",1
47.94.193.69,"Honeytrap",1
101.132.132.3,"Honeytrap",1
116.236.222.106,"Honeytrap",1
203.222.2.244,"Adbhoney",2
185.173.35.17,"Honeytrap",1
36.26.79.231,"Honeytrap",1
51.79.251.150,"Honeytrap",2
218.88.20.176,"Dionaea",2
185.220.100.245,"Heralding",1
221.161.153.162,"Adbhoney",2
85.114.101.170,"Honeytrap",4
150.109.235.105,"Honeytrap",1
39.122.113.164,"Adbhoney",2
114.35.125.226,"Rdpy",2
144.172.70.250,"Honeytrap",1
202.91.89.163,"Honeytrap",1
192.241.206.58,"Honeytrap",1
159.89.158.240,"Honeytrap",1
150.138.81.42,"Dionaea",1
116.49.147.29,"Honeytrap",1
116.68.99.45,"Honeytrap",1
104.206.128.30,"Honeytrap",2
47.113.115.167,"Honeytrap",1
110.159.225.45,"Dionaea",1
47.106.111.245,"Honeytrap",1
120.76.173.2,"Honeytrap",1
45.79.124.190,"Honeytrap",1
151.33.134.189,"Dionaea",1
123.194.70.65,"Honeytrap",1
114.42.171.121,"Adbhoney",2
217.182.76.127,"Honeytrap",1
36.111.173.89,"Honeytrap",1
79.165.90.182,"Adbhoney",2
192.241.210.106,"Honeytrap",1
118.193.28.58,"Dionaea",1
184.105.139.68,"Honeytrap",1
124.52.151.195,"Adbhoney",2
101.37.203.62,"Honeytrap",1
39.96.87.192,"Honeytrap",1
222.163.59.169,"Honeytrap",1
184.75.5.26,"Cowrie",2
178.128.114.145,"Honeytrap",2
39.106.80.91,"Honeytrap",1
95.210.63.7,"Dionaea",1
8.136.4.64,"Honeytrap",1
192.241.210.202,"Honeytrap",1
120.77.44.237,"Honeytrap",1
134.209.46.233,"Honeytrap",3
106.15.78.187,"Honeytrap",1
223.82.9.137,"Honeytrap Dionaea",2
116.40.4.43,"Adbhoney",2
106.12.163.161,"Honeytrap",1
58.188.2.232,"Honeytrap",1
200.205.174.69,"Dionaea",2
75.159.223.102,"Adbhoney",2
39.106.64.220,"Honeytrap",1
138.197.161.18,"Honeytrap",1
222.186.148.94,"Honeytrap",1
192.241.212.70,"Honeytrap",1
93.76.70.114,"Adbhoney",2
34.77.162.19,"Honeytrap",1
84.110.97.152,"Honeytrap",3
104.206.128.26,"Honeytrap",2
132.226.239.205,"Honeytrap",1
107.174.65.157,"Rdpy",3
178.72.70.204,"Cowrie",24
195.209.131.117,"Dionaea",2
210.56.8.83,"Dionaea",1
192.241.208.248,"Honeytrap",1
45.77.222.61,"Dionaea",11
5.9.182.18,"Rdpy",6
78.136.231.248,"Adbhoney",2
157.230.120.99,"Honeytrap",1
175.139.210.212,"Honeypy",1
122.114.248.11,"Honeytrap",1
202.131.145.42,"Rdpy",6
167.99.248.73,"Honeytrap",2
153.37.149.157,"Honeytrap",1
101.200.209.71,"Honeytrap",1
138.68.132.77,"Honeytrap",2
128.1.248.42,"Honeytrap",1
192.241.208.162,"Honeytrap",2
119.207.56.228,"Adbhoney",2
167.99.5.132,"Honeytrap",2
192.241.204.78,"Dionaea",1
181.30.39.30,"Rdpy",1
58.63.98.90,"Dionaea",1
92.118.160.13,"Dionaea Honeytrap",2
68.183.30.138,"Honeytrap",1
159.89.145.198,"Honeytrap",1
123.241.113.16,"Honeytrap",5
104.131.111.229,"Honeytrap",1
78.189.33.30,"Cowrie",2
119.236.17.228,"Adbhoney",38
179.183.143.65,"Cowrie",2
165.51.220.150,"Honeytrap",1
149.34.21.61,"Adbhoney",2
218.146.170.123,"Honeytrap",1
121.199.72.238,"Honeytrap",1
220.152.1.68,"Honeytrap",1
123.205.97.227,"Adbhoney",2
134.209.43.94,"Honeytrap",1
179.127.189.149,"Adbhoney",2
121.4.221.221,"Honeytrap",1
212.225.135.193,"Adbhoney",2
107.172.197.191,"Cowrie",2
107.172.197.121,"Cowrie",2
1.235.193.150,"Honeytrap",1
113.207.12.66,"Honeytrap",1
67.85.72.208,"Cowrie",2
142.93.11.135,"Honeytrap",1
223.16.173.165,"Adbhoney",2
47.106.233.48,"Honeytrap",1
170.83.243.158,"Cowrie",2
81.177.124.83,"Honeytrap",1
161.35.57.58,"Honeytrap",1
128.199.250.88,"Honeytrap",1
116.62.61.71,"Honeytrap",1
190.85.232.97,"Rdpy",2
178.137.245.170,"Adbhoney",2
1.116.164.86,"Cowrie",2
161.35.3.169,"Honeytrap",1
93.156.150.192,"Adbhoney",2
165.227.219.235,"Honeytrap",1
113.59.70.33,"Dionaea Honeytrap",2
135.0.90.19,"Adbhoney",2
192.241.205.202,"Honeytrap",1
104.248.177.63,"Honeytrap",1
27.115.124.75,"Honeytrap",1
47.110.130.175,"Honeytrap",1
205.185.123.144,"Honeytrap",1
157.245.220.171,"Honeytrap",2
120.92.217.218,"Honeytrap",1
58.87.104.160,"Honeytrap",1
46.186.44.166,"Adbhoney",2
118.97.221.251,"Honeytrap",1
77.94.121.195,"Cowrie",2
166.70.207.2,"Honeytrap",1
123.16.110.35,"Cowrie",2
171.221.236.226,"Dionaea",2
104.131.11.183,"Honeytrap",1
161.35.59.64,"Honeytrap",2
222.150.195.96,"Honeytrap",1
134.209.156.71,"Honeytrap",1
106.75.147.53,"Honeytrap",1
223.0.12.49,"Honeytrap",1
37.75.207.26,"Adbhoney",2
159.65.254.242,"Honeytrap",1
183.111.6.106,"Honeytrap",1
192.241.205.211,"Honeytrap",1
182.155.93.14,"Adbhoney",2
116.62.235.13,"Honeytrap",1
138.197.64.82,"Honeytrap",1
149.210.193.121,"Rdpy",1
192.241.210.178,"Honeytrap",1
185.220.101.206,"Honeytrap",1
192.241.205.247,"Honeytrap",1
122.116.203.147,"Honeypy",1
221.207.255.218,"Cowrie",2
140.213.13.209,"Dionaea",1
134.122.86.34,"Honeytrap",1
64.225.16.126,"Honeytrap",1
47.112.233.39,"Honeytrap",1
47.101.217.20,"Honeytrap",1
139.224.211.65,"Honeytrap",1
192.241.196.86,"Honeytrap",1
159.65.88.140,"Honeytrap",1
192.241.199.91,"Honeytrap",1
192.241.207.60,"Honeytrap",1
39.106.145.224,"Honeytrap",1
120.131.5.2,"Dionaea",1
69.42.81.14,"Honeytrap",1
154.20.220.43,"Cowrie",2
114.67.205.151,"Honeytrap",1
91.124.21.70,"Cowrie",2
170.83.158.2,"Dionaea",1
103.100.159.194,"Dionaea",1
61.184.25.246,"Adbhoney",2
104.131.63.157,"Honeytrap",1
221.155.171.167,"Adbhoney",2
36.99.192.111,"Honeytrap",1
112.161.240.207,"Adbhoney",2
121.40.115.137,"Honeytrap",1
91.220.163.110,"Dionaea",1
109.197.55.23,"Honeytrap",1
51.79.176.14,"Honeytrap",1
31.140.147.184,"Dionaea",1
114.55.136.115,"Honeytrap",1
87.26.27.60,"Honeypy",1
166.255.137.215,"Honeytrap",1
218.161.16.138,"Cowrie",2
192.241.207.101,"Honeytrap",1
59.147.72.106,"Honeytrap",1
138.91.42.233,"Honeytrap",1
49.232.171.20,"Honeytrap",1
79.126.110.16,"Cowrie",2
192.241.208.109,"Honeytrap",1
121.5.101.50,"Honeytrap",1
188.242.4.207,"Honeytrap",1
178.128.20.198,"Honeytrap",2
39.105.188.175,"Honeytrap",1
68.183.216.172,"Honeytrap",1
186.71.144.66,"Dionaea",2
165.22.54.219,"Honeytrap",1
157.230.116.129,"Honeytrap",1
117.40.254.213,"Rdpy",2
104.206.128.54,"Honeytrap",1
219.101.6.228,"Honeytrap",1
159.65.82.170,"Honeytrap",1
104.180.13.91,"Cowrie",2
61.163.99.71,"Honeytrap",1
114.55.127.28,"Honeytrap",1
37.156.147.69,"Honeytrap",1
206.189.157.174,"Honeytrap",1
121.160.159.247,"Adbhoney",2
47.93.248.11,"Honeytrap",1
104.131.47.97,"Honeytrap",1
47.100.22.145,"Honeytrap",1
117.50.3.37,"Honeytrap",1
219.154.96.240,"Cowrie",10
103.52.216.181,"Honeytrap",1
123.56.109.61,"Honeytrap",1
45.232.150.33,"Cowrie",2
114.55.165.157,"Honeytrap",1
101.143.33.230,"Honeytrap",1
217.208.143.82,"Adbhoney",2
78.128.91.5,"Rdpy",3
192.241.202.27,"Honeytrap",1
192.241.211.49,"Honeytrap",1
186.1.165.141,"Dionaea",1
47.103.217.58,"Honeytrap",1
24.231.52.18,"Adbhoney",2
198.12.74.50,"Honeytrap",1
114.111.241.210,"Dionaea",2
47.100.69.98,"Honeytrap",1
47.96.151.11,"Honeytrap",1
1.53.124.231,"Cowrie",2
34.96.130.3,"Honeytrap",1
74.82.47.5,"Honeytrap",1
192.241.207.32,"Honeytrap",1
188.247.90.252,"Cowrie",2
193.46.255.139,"Honeytrap",1
211.225.86.178,"Adbhoney",2
219.150.218.243,"Dionaea",2
216.218.206.69,"Honeytrap",1
192.241.211.138,"Honeytrap",1
113.164.94.114,"Dionaea",1
115.226.136.215,"Adbhoney",2
34.96.130.5,"Honeytrap",1
121.40.67.117,"Honeytrap",1
113.253.175.223,"Adbhoney",2
185.153.199.94,"Rdpy",1
68.183.116.19,"Honeytrap",1
104.248.154.48,"Honeytrap",1
93.74.180.223,"Adbhoney",2
129.211.102.47,"Cowrie",2
95.31.73.96,"Cowrie",2
178.32.197.85,"Honeytrap",1
64.62.197.152,"Honeytrap",1
178.32.197.82,"Honeytrap",1
106.75.224.12,"Honeytrap",1
47.100.37.146,"Honeytrap",1
182.92.194.92,"Honeytrap",1
221.158.34.225,"Adbhoney",2
88.225.233.185,"Cowrie",2
123.57.32.232,"Honeytrap",1
192.241.202.249,"Honeytrap",1
47.104.161.115,"Honeytrap",1
5.83.71.195,"Adbhoney",2
192.241.209.81,"Honeytrap",1
223.149.206.239,"Honeytrap",1
125.227.51.202,"Rdpy",1
154.3.40.117,"Dionaea",1
